TACCOUNT,,,,,,,,/TACCOUNT
DESCRIPTION,CATEGORY_CHLNBR.LIST,ACTIVE,NUMBER,NAME,REPORTING_CLASS,CATEGORY_CHLNBR.ENTRY,TYPE,
Cash Accounts Client,TAccount Category,Yes,Cash Accounts Client,Cash Accounts Client,Summary,Balance Sheet,Asset,
Cash Accounts Nostro,TAccount Category,Yes,Cash Accounts Nostro,Cash Accounts Nostro,Summary,Balance Sheet,Asset,
Asset Accrual,TAccount Category,Yes,01-031 LoanDepo Accrual Assets,LoanDepo Accrual Assets,TAccount,Balance Sheet,Asset,
Treasury Suspense Account,TAccount Category,Yes,01-999 Treasury Suspense Account,Treasury Suspense Account,Suspense,Balance Sheet,Asset,
Principal Liabilities,TAccount Category,Yes,03-021 LoanDepo Principal Liabilities,LoanDepo Principal Liabilities,TAccount,Balance Sheet,Liability,
Liabilities Accrual,TAccount Category,Yes,03-022 LoanDepo Accrual Liabilities,LoanDepo Accrual Liabilities,TAccount,Balance Sheet,Liability,
Interest Income,TAccount Category,Yes,05-018 LoanDepo Interest Income,LoanDepo Interest Income,TAccount,Revenue Sheet,Revenue,
Interest Expense,TAccount Category,Yes,07-004 LoanDepo Interest Expense,LoanDepo Interest Expense,TAccount,Revenue Sheet,Expense,
PENEMPATAN PADA BANK LAIN (PPBL) INTERBANK CALL MONEY - NON DISKONTO,TAccount Category,Yes,12511102,PPBL INTERBANK CALL MONEY NON DISKONTO,TAccount,Balance Sheet,Asset,
PENEMPATAN PADA BANK INDONESIA SERTIFIKAT BANK INDONESIA (SBI) INTERVENSI,TAccount Category,Yes,12511103,PPBI SBI INTERVENSI,TAccount,Balance Sheet,Asset,
EFEK-EFEK DIPERDAGANGKAN SERTIFIKAT BANK INDONESIA (SBI),TAccount Category,Yes,13011101,EFEK2 DIPERDAG. SBI,TAccount,Balance Sheet,Asset,
EFEK-EFEK DIPERDAGANGKAN SURAT BERHARGA PASAR UANG (SBPU) REKSADANA,TAccount Category,Yes,13012601,EFEK2 DIPERDAGANGKAN SBPU REKSADANA,TAccount,Balance Sheet,Asset,
EFEK2 DIPERDAGANGKAN SBPU SUKUK BANK INDONESIA (SUKBI),TAccount Category,Yes,13012701,EFEK2 DIPERDAGANGKAN SBPU SUKUK BANK IND,TAccount,Balance Sheet,Asset,
EFEK-EFEK DIPERDAGANGKAN SURAT BERHARGA PASAR UANG (SBPU) KOMERSIAL,TAccount Category,Yes,13012801,EFEK2 DIPERDAG. SBPU KOMERSIAL,TAccount,Balance Sheet,Asset,
EFEK-EFEK DIPERDAGANGKAN SURAT BERHARGA PASAR UANG (SBPU) SURAT PERBENDAHARAAN NEGARA (SPN),TAccount Category,Yes,13012802,EFEK2 DIPERDAGANGKAN SBPU-SPN,TAccount,Balance Sheet,Asset,
EFEK-EFEK DIPERDAGANGKAN SURAT BERHARGA PASAR MODAL (SBPM) OBLIGASI - NON DISKONTO,TAccount Category,Yes,13013101,EFEK2 DIPERDAG. SBPM OBLIGASI NONDISK,TAccount,Balance Sheet,Asset,
EFEK-EFEK DIPERDAGANGKAN SURAT BERHARGA PASAR MODAL (SBPM) REKSADANA,TAccount Category,Yes,13013201,EFEK2 DIPERDAG. SBPM REKSADANA,TAccount,Balance Sheet,Asset,
EFEK-EFEK DIPERDAGANGKAN PRODUK TREASURY,TAccount Category,Yes,13013401,EFEK2 DIPERDAGANGKAN PRODUK TREASURY,TAccount,Balance Sheet,Asset,
EFEK-EFEK DIMILIKI HINGGA JATUH TEMPO SERTIFIKAT BANK INDONESIA (SBI),TAccount Category,Yes,13021101,EFEK2 DHGJT SERTIFIKAT BANK INDONESIA,TAccount,Balance Sheet,Asset,
EFEK-EFEK DIMILIKI HINGGA JATUH TEMPO SURAT BERHARGA PASAR UANG (SBPU) SURAT BERHARGA KOMERSIAL,TAccount Category,Yes,13022801,EFEK2 DHGJT SBPU SURAT BHRG KOMERSIAL,TAccount,Balance Sheet,Asset,
EFEK-EFEK DIMILIKI HINGGA JATUH TEMPO SURAT BERHARGA PASAR UANG (SBPU) SURAT PERBENDAHARAAN NEGARA (SPN),TAccount Category,Yes,13022804,EFEK2 DHGJT SBPU-SPN,TAccount,Balance Sheet,Asset,
EFEK-EFEK DIMILIKI HINGGA JATUH TEMPO SURAT BERHARGA PASAR MODAL (SBPM) OBLIGASI,TAccount Category,Yes,13023101,EFEK2 DHGJT SBPM OBLIGASI,TAccount,Balance Sheet,Asset,
EFEK-EFEK DIMILIKI HINGGA JATUH TEMPO SURAT BERHARGA PASAR MODAL (SBPM) REKSADANA,TAccount Category,Yes,13023201,EFEK2 DHGJT SBPM REKSADANA,TAccount,Balance Sheet,Asset,
EFEK-EFEK TERSEDIA UNTUK DIJUAL SERTIFIKAT BANK INDONESIA (SBI),TAccount Category,Yes,13031101,EFEK2 TSD U/DJL SBI,TAccount,Balance Sheet,Asset,
EFEK-EFEK TERSEDIA UNTUK DIJUAL SURAT BERHARGA PASAR UANG (SBPU) SURAT BERHARGA KOMERSIAL,TAccount Category,Yes,13032801,EFEK2 TSD U/DJL SBPU SRT BHRG KOMERSIAL,TAccount,Balance Sheet,Asset,
EFEK-EFEK TERSEDIA UNTUK DIJUAL SURAT BERHARGA PASAR UANG (SBPU) SURAT PERBENDAHARAAN NEGARA (SPN),TAccount Category,Yes,13032802,EFEK2 TSD U/ DJL SBPU SPN,TAccount,Balance Sheet,Asset,
EFEK-EFEK TERSEDIA UNTUK DIJUAL SURAT BERHARGA PASAR MODAL (SBPM) OBLIGASI - NON DISKONTO,TAccount Category,Yes,13033101,EFEK2 TSD U/DJL SBPM OBLIGASI NON DISK,TAccount,Balance Sheet,Asset,
EFEK-EFEK TERSEDIA UNTUK DIJUAL SURAT BERHARGA PASAR MODAL (SBPM) REKSADANA,TAccount Category,Yes,13033201,EFEK2 TSD U/DJL SBPM REKSADANA,TAccount,Balance Sheet,Asset,
EFEK-EFEK TERSEDIA UNTUK DIJUAL PRODUK TREASURY,TAccount Category,Yes,13033401,EFEK2 TSD U/ DIJUAL PRODUK TREASURY,TAccount,Balance Sheet,Asset,
TAGIHAN EFEK-EFEK REVERSE REPO  PRODUK TREASURY,TAccount Category,Yes,13511103,TAG EFEK2 REV. REPO PRODUK TREASURY,TAccount,Balance Sheet,Asset,
OBLIGASI PEMERINTAH - DIPERDAGANGKAN,TAccount Category,Yes,14011101,OBLIGASI PEMERINTAH - DIPERDAGANGKAN,TAccount,Balance Sheet,Asset,
OBLIGASI PEMERINTAH - DIMILIKI HINGGA JATUH TEMPO,TAccount Category,Yes,14021101,OBL. PEM. DIMILIKI HINGGA JATUH TEMPO,TAccount,Balance Sheet,Asset,
OBLIGASI PEMERINTAH - TERSEDIA UNTUK DIJUAL,TAccount Category,Yes,14031101,OBL. PEM. TERSEDIA UNTUK DIJUAL,TAccount,Balance Sheet,Asset,
TAGIHAN DERIVATIF TERKAIT DENGAN NILAI TUKAR (TDNT) - SPOT TRADING,TAccount Category,Yes,14512101,TAG DER TDNT SPOT TRADING,TAccount,Balance Sheet,Asset,
TAGIHAN DERIVATIF TERKAIT DENGAN NILAI TUKAR (TDNT) - FORWARD TRADING,TAccount Category,Yes,14512201,TAG DER TDNT FORWARD TRADING,TAccount,Balance Sheet,Asset,
TAGIHAN DERIVATIF TERKAIT DENGAN NILAI TUKAR (TDNT) - SWAP TRADING,TAccount Category,Yes,14512601,TAG DER TDNT SWAP TRADING,TAccount,Balance Sheet,Asset,
TAGIHAN DERIVATIF TERKAIT DENGAN SUKU BUNGA (TDSB) - FORWARD RATE AGREEMENT (FRA) TRADING,TAccount Category,Yes,14522201,TAG DER TDSB FRA TRADING,TAccount,Balance Sheet,Asset,
TAGIHAN DERIVATIF TERKAIT DENGAN SUKU BUNGA (TDSB) - INTEREST RATE SWAP (IRS) TRADING,TAccount Category,Yes,14522601,TAG DER TDSB INTEREST RATE SWAP TRADING,TAccount,Balance Sheet,Asset,
PENDAPATAN YANG MASIH AKAN DITERIMA (PYMAD)  BUNGA PENEMPATAN PADA BANK LAIN (PPBL) INTERBANK CALL MONEY - NON DISKONTO,TAccount Category,Yes,16511102,PYMAD BNG PPBL INTERBANK CALL MONEY NDIS,TAccount,Balance Sheet,Asset,
PENDAPATAN YANG MASIH AKAN DITERIMA (PYMAD) BUNGA EFEK-EFEK DIMILIKI HINGGA JATUH TEMPO SURAT BERHARGA PASAR MODAL (SBPM) - OBLIGASI,TAccount Category,Yes,16526101,PYMAD BUNGA EFEK2 DHGJT SBPM OBLIGASI,TAccount,Balance Sheet,Asset,
PENDAPATAN YANG MASIH AKAN DITERIMA (PYMAD) BUNGA EFEK-EFEK TERSEDIA UNTUK DIJUAL SURAT BERHARGA PASAR MODAL (SBPM) -  OBLIGASI,TAccount Category,Yes,16529101,PYMAD BNG EFEK2 TSD U/DJL SBPM OBLIGASI,TAccount,Balance Sheet,Asset,
PENDAPATAN YANG MASIH AKAN DITERIMA (PYMAD) BUNGA EFEK-EFEK REVERSE REPO - PRODUK TREASURY,TAccount Category,Yes,16531103,PYMAD BUNGA EFEK2 REV. REPO PRD TREASURY,TAccount,Balance Sheet,Asset,
PENDAPATAN YANG MASIH AKAN DITERIMA (PYMAD) OBLIGASI PEMERINTAH DIMILIKI HINGGA JATUH TEMPO,TAccount Category,Yes,16562101,PYMAD BUNGA OBL. PEM. DHGJT,TAccount,Balance Sheet,Asset,
PENDAPATAN YANG MASIH AKAN DITERIMA (PYMAD) OBLIGASI PEMERINTAH TERSEDIA UNTUK DIJUAL,TAccount Category,Yes,16563101,PYMAD BUNGA OBL. PEM. TERSEDIA U/DJL,TAccount,Balance Sheet,Asset,
BIAYA DIBAYAR DI MUKA (BDD) TRANSAKSI TREASURY,TAccount Category,Yes,17011903,BDD TRN TREASURY,TAccount,Balance Sheet,Asset,
ASET LAIN-LAIN (ALL) BEBAN DITANGGUHKAN PENERBITAN OBLIGASI,TAccount Category,Yes,19511104,ALL BEBAN DITANG PENERBITAN OBLIGASI,TAccount,Balance Sheet,Asset,
ASET LAIN-LAIN (ALL) AKUN SUSPEND TRANSAKSI TREASURY,TAccount Category,Yes,19511633,ALL AKUN SUSPEND TRANSAKSI TREASURY,TAccount,Balance Sheet,Asset,
ASET LAIN-LAIN (ALL) AKUN YANG MASIH HARUS DISELESAIKAN TRANSAKSI TREASURY,TAccount Category,Yes,19511931,ALL AKUN YMHD TRN TREASURY,TAccount,Balance Sheet,Asset,
ASET LAIN-LAIN (ALL) TAGIHAN TRANSAKSI SEKURITAS YANG BELUM DITERIMA,TAccount Category,Yes,19511942,ALL TAG TRN SEKURITAS YG BELUM DITERIMA,TAccount,Balance Sheet,Asset,
ASET KANTOR SENDIRI (KS) - PENEMPATAN,TAccount Category,Yes,19611206,ASET KS-PENEMPATAN,TAccount,Balance Sheet,Asset,
ASET KANTOR SENDIRI (KS) - PENDAPATAN YANG MASIH AKAN DITERIMA (PYMAD) BUNGA,TAccount Category,Yes,19611207,ASET KS-PYMAD BUNGA,TAccount,Balance Sheet,Asset,
REKENING POSISI DEVISA UMUM (DU) TREASURY SYSTEM,TAccount Category,Yes,19811105,REKENING POSISI DU TREASURY SYSTEM,TAccount,Balance Sheet,Asset,
TITIPAN PAJAK - PAJAK LAINNYA,TAccount Category,Yes,21011110,TITIPAN PAJAK-PAJAK LAINNYA,TAccount,Balance Sheet,Liability,
SERTIFIKAT DEPOSITO,TAccount Category,Yes,21514101,SERTIFIKAT DEPOSITO,TAccount,Balance Sheet,Liability,
SERTIFIKAT DEPOSITO BANK LAIN,TAccount Category,Yes,22014101,SERTIFIKAT DEPOSITO BANK LAIN,TAccount,Balance Sheet,Liability,
PENEMPATAN DARI BANK LAIN - INTERBANK CALL MONEY,TAccount Category,Yes,22015101,PENMPT DR BL-INTERBANK CALL MONEY,TAccount,Balance Sheet,Liability,
LIABILITAS EFEK-EFEK REPO SURAT BERHARGA PASAR MODAL (SBPM) - OBLIGASI,TAccount Category,Yes,22511102,LIAB EFEK2 REPO SBPM OBLIGASI,TAccount,Balance Sheet,Liability,
LIABILITAS EFEK-EFEK REPO PRODUK TREASURY,TAccount Category,Yes,22511105,LIAB EFEK2 REPO PRODUK TREASURY,TAccount,Balance Sheet,Liability,
LIABILITAS DERIVATIF TERKAIT DENGAN NILAI TUKAR (TDNT) SPOT TRADING,TAccount Category,Yes,23012101,LIAB DER TDNT SPOT TRADING,TAccount,Balance Sheet,Liability,
LIABILITAS DERIVATIF TERKAIT DENGAN NILAI TUKAR (TDNT) FORWARD TRADING,TAccount Category,Yes,23012201,LIAB DER TDNT FORWARD TRADING,TAccount,Balance Sheet,Liability,
LIABILITAS DERIVATIF TERKAIT DENGAN NILAI TUKAR (TDNT) SWAP TRADING,TAccount Category,Yes,23012601,LIAB DER TDNT SWAP TRADING,TAccount,Balance Sheet,Liability,
LIABILITAS DERIVATIF TERKAIT DENGAN SUKU BUNGA (TDSB) FORWARD RATE AGREEMENT TRADING,TAccount Category,Yes,23022201,LIAB DER TDSB FRA TRADING,TAccount,Balance Sheet,Liability,
LIABILITAS DERIVATIF TERKAIT DENGAN SUKU BUNGA (TDSB) INTEREST RATE SWAP (IRS) TRADING,TAccount Category,Yes,23022601,LIAB DER TDSB INTEREST RATE SWAP TRADING,TAccount,Balance Sheet,Liability,
SURAT BERHARGA YANG DITERBITKAN SURAT BERHARGA PASAR MODAL (SBPM) - OBLIGASI,TAccount Category,Yes,24012101,SB YG DITERBITKAN SBPM OBLIGASI,TAccount,Balance Sheet,Liability,
PINJAMAN DITERIMA - LAINNYA,TAccount Category,Yes,24511901,PINJAMAN DITERIMA - LAINNYA,TAccount,Balance Sheet,Liability,
PINJAMAN DITERIMA-REPO TO MATURITY,TAccount Category,Yes,24511905,PINJAMAN DITERIMA-REPO TO MATURITY,TAccount,Balance Sheet,Liability,
LIABILITAS LAIN-LAIN (LLL)  BEBAN BUNGA YANG MASIH HARUS DIBAYAR (YMHD) SURAT BERHARGA PASAR MODAL (SBPM) - OBLIGASI,TAccount Category,Yes,27511601,LLL BBN BNG YMHD SBPM OBLIGASI,TAccount,Balance Sheet,Liability,
LIABILITAS LAIN-LAIN (LLL)  BEBAN BUNGA YANG MASIH HARUS DIBAYAR (YMHD) PENEMPATAN DARI BANK LAIN - INTERBANK CALL MONEY,TAccount Category,Yes,27513501,LLL BBYMHD INTERBANK CALLMONEY BANK LAIN,TAccount,Balance Sheet,Liability,
LIABILITAS LAIN-LAIN (LLL)  BEBAN BUNGA YANG MASIH HARUS DIBAYAR (YMHD) PRODUK TREASURY,TAccount Category,Yes,27513601,LLL BBN BNG YMHD PRODUK TREASURY,TAccount,Balance Sheet,Liability,
LIABILITAS LAIN-LAIN (LLL)  BEBAN BUNGA YANG MASIH HARUS DIBAYAR (YMHD) PINJAMAN DITERIMA - LAINNYA,TAccount Category,Yes,27514104,LLL BBN BNG YMHD PINJ DITERIMA LAINNYA,TAccount,Balance Sheet,Liability,
LIABILITAS LAIN-LAIN (LLL) BEBAN BUNGA YANG MASIH HARUS DIBAYAR PINJAMAN DITERIMA -  REPO TO MATURITY,TAccount Category,Yes,27514105,KLL BBN BYMHD PINJ DTRM REPO TO MATURITY,TAccount,Balance Sheet,Liability,
LIABILITAS LAIN-LAIN (LLL) AKUN YANG MASIH HARUS DISELESAIKAN TRANSAKSI TREASURY,TAccount Category,Yes,29511931,LLL AKUN YMHD TRN TREASURY,TAccount,Balance Sheet,Liability,
LIABILITAS LAIN-LAIN (LLL) TRANSAKSI SEKURITAS YANG BELUM DIBAYAR,TAccount Category,Yes,29511942,LLL TRN SEKURITAS YANG BELUM DIBAYAR,TAccount,Balance Sheet,Liability,
LIABILITAS KANTOR SENDIRI (KS) - DEPOSIT TAKEN,TAccount Category,Yes,29611204,LIABILITAS KS-DEPOSITS TAKEN,TAccount,Balance Sheet,Liability,
LIABILITAS KANTOR SENDIRI (KS) - BIAYA YANG MASIH HARUS DIBAYAR (BYMHD) BUNGA,TAccount Category,Yes,29611207,LIABILITAS KS-BYMHD BUNGA,TAccount,Balance Sheet,Liability,
LABA (RUGI) BELUM DIREALISASI DARI SURAT BERHARGA,TAccount Category,Yes,33511101,LABA(RUGI) BLM  DIREALISASI DR SRT BHRGA,TAccount,Balance Sheet,Equity,
PENDAPATAN BUNGA PENEMPATAN PADA BANK LAIN (PPBL) INTERBANK CALL MONEY - NON DISKONTO,TAccount Category,Yes,41021102,PEND BNG PPBL INTERBANK CALL MONEY-NDISK,TAccount,Revenue Sheet,Revenue,
PENDAPATAN BUNGA EFEK2 DIMILIKI HINGGA JATUH TEMPO PRODUK TREASURY,TAccount Category,Yes,41023401,PEND BNG EFEK2 DIMILIKI HG JT PROD TRS,TAccount,Revenue Sheet,Revenue,
PENDAPATAN BUNGA EFEK-EFEK DIPERDAGANGKAN SURAT BERHARGA PASAR UANG (SBPU) SURAT BERHARGA KOMERSIAL,TAccount Category,Yes,41031209,PEND BNG EFEK2 DPDG SBPU SRT BHRG KMRSL,TAccount,Revenue Sheet,Revenue,
PENDAPATAN BUNGA EFEK-EFEK DIMILIKI HINGGA JATUH TEMPO SERTIFIKAT BANK INDONESIA (SBI),TAccount Category,Yes,41032101,PEND BNG EFEK2 DHGJT SBI,TAccount,Revenue Sheet,Revenue,
PENDAPATAN BUNGA EFEK-EFEK DIMILIKI HINGGA JATUH TEMPO  SURAT BERHARGA PASAR UANG (SBPU) SURAT BERHARGA KOMERSIAL,TAccount Category,Yes,41032209,PEND BNG EFEK2 DHGJT SBPU SRT BHRG KMRSL,TAccount,Revenue Sheet,Revenue,
PENDAPATAN BUNGA EFEK-EFEK DIMILIKI HINGGA JATUH TEMPO SURAT BERHARGA PASAR UANG (SBPU) SURAT PERBENDAHARAAN NEGARA (SPN),TAccount Category,Yes,41032215,PEND BUNGA EFEK2 DHGJT SBPU SPN,TAccount,Revenue Sheet,Revenue,
PENDAPATAN BUNGA EFEK-EFEK DIMILIKI HINGGA JATUH TEMPO SURAT BERHARGA PASAR MODAL (SBPM) - OBLIGASI,TAccount Category,Yes,41032301,PEND BNG EFEK2 DHGJT SBPM OBLIGASI,TAccount,Revenue Sheet,Revenue,
PENDAPATAN BUNGA EFEK-EFEK TERSEDIA UNTUK DIJUAL SERTIFIKAT BANK INONESIA (SBI),TAccount Category,Yes,41033101,PEND BNG EFEK2 TSD U/DJL SBI,TAccount,Revenue Sheet,Revenue,
PENDAPATAN BUNGA EFEK-EFEK TERSEDIA UNTUK DIJUAL SURAT BERHARGA PASAR UANG (SBPU) - SURAT BERHARGA KOMERSIAL,TAccount Category,Yes,41033209,PEND BNG EFEK2 TSD U/DJL SBPU SB KMRSL,TAccount,Revenue Sheet,Revenue,
PENDAPATAN BUNGA EFEK-EFEK TERSEDIA UNTUK DIJUAL SURAT BERHARGA PASAR UANG (SBPU) SURAT PERBENDAHARAAN NEGARA (SPN),TAccount Category,Yes,41033210,PEND BUNGA EFEK2 TSD U/ DJL SBPU SPN,TAccount,Revenue Sheet,Revenue,
PENDAPATAN BUNGA EFEK-EFEK TERSEDIA UNTUK DIJUAL SURAT BERHARGA PASAR MODAL (SBPM) -OBLIGASI,TAccount Category,Yes,41033301,PEND BNG EFEK2 TSD U/DJL SBPM OBLIGASI,TAccount,Revenue Sheet,Revenue,
PENDAPATAN BUNGA EFEK-EFEK TERSEDIA UNTUK DIJUAL PRODUK TREASURY,TAccount Category,Yes,41033401,PEND BNG EFEK2 TSD U/DJL PRD TREASURY,TAccount,Revenue Sheet,Revenue,
PENDAPATAN BUNGA EFEK-EFEK  REVERSE REPO PRODUK TREASURY,TAccount Category,Yes,41041103,PEND.BNG.EFEK2 REV.REPO PRODUK TREASURY,TAccount,Revenue Sheet,Revenue,
PENDAPATAN BUNGA  OBLIGASI PEMERINTAH DIMILIKI HINGGA JATUH TEMPO,TAccount Category,Yes,41062101,PEND BNG OBL PEMERINTAH DHGJT,TAccount,Revenue Sheet,Revenue,
PENDAPATAN BUNGA  OBLIGASI PEMERINTAH TERSEDIA UNTUK DIJUAL,TAccount Category,Yes,41063101,PEND BNG OBL PEMERINTAH TERSEDIA U/DJL,TAccount,Revenue Sheet,Revenue,
PENDAPATAN BUNGA LIABILITAS EFEK2 REPO RATE NEGATIF,TAccount Category,Yes,41099014,PENDAPATAN BUNGA LIABEFEK2 REPO REPO NEG,TAccount,Revenue Sheet,Revenue,
PENDAPATAN OPERASIONAL LAINNYA (POL) LABA RUGI KURS FOREIGN EXCHANGE (FX) DEVISA UMUM (DU) TRANSAKSI,TAccount Category,Yes,44011101,POL LABA RUGI KURS FX DU TRANSAKSI,TAccount,Revenue Sheet,Revenue,
PENDAPATAN OPERASIONAL LAINNYA (POL) KEUNTUNGAN TRANSAKSI DERIVATIF NILAI WAJAR KURS,TAccount Category,Yes,44511101,POL KEUNTUNGAN TRN DER NILAI WJR KURS,TAccount,Revenue Sheet,Revenue,
PENDAPATAN OPERASIONAL LAINNYA (POL) KEUNTUNGAN TRANSAKSI DERIVATIF NILAI WAJAR SUKU BUNGA,TAccount Category,Yes,44511102,POL KEUNTUNGAN TRN DER NILAI WJR SK BNG,TAccount,Revenue Sheet,Revenue,
PENDAPATAN OPERASIONAL LAINNYA (POL)  EFEK-EFEK DIPERDAGANGKAN SERTIFIKAT BANK INDONESIA (SBI),TAccount Category,Yes,45011101,POL EFEK2 DIPERDAGANGKAN SBI,TAccount,Revenue Sheet,Revenue,
POL EFEK2 DIPERDAGANGKAN SBPU REKSADANA,TAccount Category,Yes,45012601,POL EFEK2 DIPERDAGANGKAN SBPU REKSADANA,TAccount,Revenue Sheet,Revenue,
POL EFEK2 DIPERDAGANGKAN SBPU SUKUK BANK INDONESIA (SUKBI),TAccount Category,Yes,45012701,POL EFEK2 DIPERDAGANGKAN SBPU SUKUK BANK,TAccount,Revenue Sheet,Revenue,
PENDAPATAN OPERASIONAL LAINNYA (POL) EFEK-EFEK DIPERDAGANGKAN SURAT BERHARGA PASAR UANG (SBPU) -  SURAT BERHARGA KOMERSIAL,TAccount Category,Yes,45012801,POL EFEK2 DPDG SBPU SRT BHRG KMRSL,TAccount,Revenue Sheet,Revenue,
PENDAPATAN OPERASIONAL LAINNYA (POL) EFEK-EFEK DIPERDAGANGKAN SURAT BERHARGA PASAR MODAL (SBPM) - OBLIGASI,TAccount Category,Yes,45013101,POL EFEK2 DIPERDAGANGKAN SBPM OBLIGASI,TAccount,Revenue Sheet,Revenue,
PENDAPATAN OPERASIONAL LAINNYA (POL) EFEK-EFEK PRODUK TREASURY,TAccount Category,Yes,45023301,POL EFEK2 PRODUK TREASURY,TAccount,Revenue Sheet,Revenue,
PENDAPATAN OPERASIONAL LAINNYA (POL) EFEK-EFEK REKSADANA,TAccount Category,Yes,45033201,POL EFEK-EFEK TSD U/ DIJUAL REKSADANA,TAccount,Revenue Sheet,Revenue,
PENDAPATAN OPERASIONAL LAINNYA (POL) LABA PENJUALAN SURAT BERHARGA,TAccount Category,Yes,46011101,POL LABA PENJUALAN SURAT BERHARGA,TAccount,Revenue Sheet,Revenue,
PENDAPATAN OPERASIONAL LAINNYA (POL) LABA PENJUALAN SURAT BERHARGA - AVAILABLE FOR SALE (AFS),TAccount Category,Yes,46011102,POL LABA PENJUALAN SURAT BERHARGA-AFS,TAccount,Revenue Sheet,Revenue,
PENDAPATAN OPERASIONAL LAINNYA (POL) LAINNYA - EARLY TERMINATION,TAccount Category,Yes,48511170,POL LAINNYA - EARLY TERMINATION,TAccount,Revenue Sheet,Revenue,
PENDAPATAN OPERASIONAL LAINNYA (POL) LAIN-LAIN,TAccount Category,Yes,48511199,POL LAIN-LAIN,TAccount,Revenue Sheet,Revenue,
PENDAPATAN NON OPERASIONAL (PNO)   PENDAPATAN BUNGA -PENEMPATAN KANTOR SENDIRI (KS),TAccount Category,Yes,49011406,PNO PEND BNG-PENEMPATAN KS,TAccount,Revenue Sheet,Revenue,
BEBAN BUNGA SERTIFIKAT DEPOSITO,TAccount Category,Yes,51011701,BEBAN BUNGA SERTIFIKAT DEPOSITO,TAccount,Revenue Sheet,Expense,
BEBAN BUNGA CALL MONEY,TAccount Category,Yes,51021101,BEBAN BUNGA CALL MONEY,TAccount,Revenue Sheet,Expense,
BEBAN BUNGA LIABILITAS EFEK-EFEK REPO SURAT BERHARGA PASAR MODAL (SBPM) - OBLIGASI,TAccount Category,Yes,51031801,BEBAN BUNGA LIA EFEK2 REPO SBPM OBLIGASI,TAccount,Revenue Sheet,Expense,
BEBAN BUNGA SURAT BERHARGA PASAR MODAL (SBPM) - OBLIGASI,TAccount Category,Yes,51042101,BEBAN BUNGA SBPM,TAccount,Revenue Sheet,Expense,
BEBAN BUNGA PINJAMAN DITERIMA LAINNYA,TAccount Category,Yes,51051102,BEBAN BUNGA PINJAMAN DITERIMA LAINNYA,TAccount,Revenue Sheet,Expense,
BEBAN BUNGA PINJAMAN DITERIMA LAINNYA - LAINNYA,TAccount Category,Yes,51051901,BEBAN BUNGA PINJAMAN DITERIMA LAINNYA,TAccount,Revenue Sheet,Expense,
BEBAN BUNGA PINJAMAN DITERIMA - REPO TO MATURITY,TAccount Category,Yes,51051904,BEBAN BUNGA PINJ DTRM REPO TO MATURITY,TAccount,Revenue Sheet,Expense,
BEBAN OPERASIONAL LAINNYA (BOL) SURAT BERHARGA,TAccount Category,Yes,58011305,BOL SURAT BERHARGA,TAccount,Revenue Sheet,Expense,
BEBAN OPERASIONAL LAINNYA (BOL) LAINNYA - EARLY TERMINATION,TAccount Category,Yes,58011370,BOL LAINNYA-EARLY TERMINATION,TAccount,Revenue Sheet,Expense,
BEBAN NON OPERASIONAL (BNO) BUNGA KANTOR SENDIRI (KS) - DEPOSIT TAKEN,TAccount Category,Yes,59011404,BNO BUNGA KS-DEPOSIT TAKEN,TAccount,Revenue Sheet,Expense,
KONTRAK PEMBELIAN TERKAIT DENGAN NILAI TUKAR (TDNT) SPOT TRADING,TAccount Category,Yes,61512101,KONT PEMB TDNT SPOT TRADING,TAccount,Off Balance Sheet,Off Balance Sheet Asset,
KONTRAK PEMBELIAN TERKAIT DENGAN NILAI TUKAR (TDNT) FORWARD TRADING,TAccount Category,Yes,61512201,KONT PEMB TDNT FORWARD TRADING,TAccount,Off Balance Sheet,Off Balance Sheet Asset,
KONTRAK PEMBELIAN TERKAIT DENGAN NILAI TUKAR (TDNT) FORWARD TRADING NON-DELIVERABLE KONTRAK PEMBELIAN TERKAIT DENGAN NILAI TUKAR (TDNT),TAccount Category,Yes,61512202,KONT PEMB TDNT NDF,TAccount,Off Balance Sheet,Off Balance Sheet Asset,
KONTRAK PEMBELIAN TERKAIT DENGAN NILAI TUKAR (TDNT) SWAP TRADING,TAccount Category,Yes,61512601,KONT PEMB TDNT SWAP TRADING,TAccount,Off Balance Sheet,Off Balance Sheet Asset,
KONTRAK PEMBELIAN TERKAIT DENGAN SUKU BUNGA (TDSB) FORWARD RATE AGREEMENT (FRA) TRADING,TAccount Category,Yes,61522201,KONT PEMB TDSB FORWARD RATE AGREMENT,TAccount,Off Balance Sheet,Off Balance Sheet Asset,
KONTRAK PEMBELIAN TERKAIT DENGAN SUKU BUNGA (TDSB) INTEREST RATE SWAP (IRS) TRADING,TAccount Category,Yes,61522601,KONT PEMB TDSB INTEREST RATE SWAP,TAccount,Off Balance Sheet,Off Balance Sheet Asset,
PENEMPATAN PADA BANK LAIN (PPBL) INTERBANK CALL MONEY,TAccount Category,Yes,66012801,PPBL INTERBANK CALL MONEY,TAccount,Off Balance Sheet,Off Balance Sheet Asset,
KONTRAK PENJUALAN TERKAIT DENGAN NILAI TUKAR (TDNT) SPOT TRADING,TAccount Category,Yes,71512101,KONT PENJ TDNT SPOT TRADING,TAccount,Off Balance Sheet,Off Balance Sheet Liability,
KONTRAK PENJUALAN TERKAIT DENGAN NILAI TUKAR (TDNT) FORWARD TRADING,TAccount Category,Yes,71512201,KONT PENJ TDNT FORWARD TRADING,TAccount,Off Balance Sheet,Off Balance Sheet Liability,
KONTRAK PENJUALAN TERKAIT DENGAN NILAI TUKAR (TDNT) FORWARD TRADING NON-DELIVERABLE,TAccount Category,Yes,71512202,KONT PENJ TDNT NDF,TAccount,Off Balance Sheet,Off Balance Sheet Liability,
KONTRAK PENJUALAN TERKAIT DENGAN NILAI TUKAR (TDNT) SWAP TRADING,TAccount Category,Yes,71512601,KONT PENJ TDNT SWAP TRADING,TAccount,Off Balance Sheet,Off Balance Sheet Liability,
KONTRAK PENJUALAN TERKAIT DENGAN SUKU BUNGA (TDSB)  FORWARD RATE AGREEMENT TRADING,TAccount Category,Yes,71522201,KONT PENJ TDSB FRA TRADING,TAccount,Off Balance Sheet,Off Balance Sheet Liability,
KONTRAK PENJUALAN TERKAIT DENGAN SUKU BUNGA (TDSB) INTEREST RATE SWAP (IRS) TRADING,TAccount Category,Yes,71522601,KONT PENJ TDSB INTEREST RATE SWAP TRA,TAccount,Off Balance Sheet,Off Balance Sheet Liability,
SDBL INTERBANK CALL MONEY,TAccount Category,Yes,72511201,SDBL INTERBANK CALL MONEY,TAccount,Off Balance Sheet,Off Balance Sheet Liability,
KONTRAK PEMBELIAN TERKAIT DENGAN NILAI TUKAR (TDNT) SPOT TRADING - KONTRA,TAccount Category,Yes,81512101,KONT PEMB TDNT SPOT TRADING KONTRA,TAccount,Off Balance Sheet,Contra Asset,
KONTRAK PEMBELIAN TERKAIT DENGAN NILAI TUKAR (TDNT) FORWARD TRADING - KONTRA,TAccount Category,Yes,81512201,KONT PEMB TDNT FORWARD TRADING KONTRA,TAccount,Off Balance Sheet,Contra Asset,
KONTRAK PEMBELIAN TERKAIT DENGAN NILAI TUKAR (TDNT) FORWARD TRADING NON-DELIVERABLE KONTRAK PEMBELIAN TERKAIT DENGAN NILAI TUKAR (TDNT),TAccount Category,Yes,81512202,KONT PEMB TDNT NDF - KONTRA,TAccount,Off Balance Sheet,Contra Asset,
KONTRAK PEMBELIAN TERKAIT DENGAN NILAI TUKAR (TDNT) SWAP TRADING - KONTRA,TAccount Category,Yes,81512601,KONT PEMB TDNT SWAP TRADING KONTRA,TAccount,Off Balance Sheet,Contra Asset,
KONTRAK PEMBELIAN TERKAIT DENGAN SUKU BUNGA (TDSB) FORWARD RATE AGREEMENT (FRA) TRADING - KONTRA,TAccount Category,Yes,81522201,KONT PEMB TDSB FORWARD RATE AGREMENT,TAccount,Off Balance Sheet,Contra Asset,
KONTRAK PEMBELIAN TERKAIT DENGAN SUKU BUNGA (TDSB) INTEREST RATE SWAP (IRS) TRADING -  KONTRA,TAccount Category,Yes,81522601,KONT PEMB TDSB INTEREST RATE SWAP,TAccount,Off Balance Sheet,Contra Asset,
PENEMPATAN PADA BANK LAIN (PPBL) INTERBANK CALL MONEY - KONTRA,TAccount Category,Yes,86012801,PPBL INTERBANK CALL MONEY KONTRA,TAccount,Off Balance Sheet,Contra Asset,
KONTRAK PENJUALAN TERKAIT DENGAN NILAI TUKAR (TDNT) SPOT TRADING - KONTRA,TAccount Category,Yes,91512101,KONT PENJ TDNT SPOT TRADING KONTRA,TAccount,Off Balance Sheet,Contra Liability,
KONTRAK PENJUALAN TERKAIT DENGAN NILAI TUKAR (TDNT) FORWARD TRADING - KONTRA,TAccount Category,Yes,91512201,KONT PENJ TDNT FORWARD TRADING KONTRA,TAccount,Off Balance Sheet,Contra Liability,
KONTRAK PENJUALAN TERKAIT DENGAN NILAI TUKAR (TDNT) FORWARD TRADING NON-DELIVERABLE - KONTRA,TAccount Category,Yes,91512202,KONT PENJ TDNT NDF - KONTRA,TAccount,Off Balance Sheet,Contra Liability,
KONTRAK PENJUALAN TERKAIT DENGAN NILAI TUKAR (TDNT) SWAP TRADING - KONTRA,TAccount Category,Yes,91512601,KONT PENJ TDNT SWAP TRADING KONTRA,TAccount,Off Balance Sheet,Contra Liability,
KONTRAK PENJUALAN TERKAIT DENGAN SUKU BUNGA (TDSB)  FORWARD RATE AGREEMENT TRADING - KONTRA,TAccount Category,Yes,91522201,KONT PENJ TDSB FRA TRA KONTRA,TAccount,Off Balance Sheet,Contra Liability,
KONTRAK PENJUALAN TERKAIT DENGAN SUKU BUNGA (TDSB) INTEREST RATE SWAP (IRS) TRADING - KONTRA,TAccount Category,Yes,91522601,KONT PENJ TDSB IRS TRADING KONT,TAccount,Off Balance Sheet,Contra Liability,
SDBL INTERBANK CALL MONEY - KONTRA,TAccount Category,Yes,92511201,SDBL INTERBANK CALL MONEY KONTRA,TAccount,Off Balance Sheet,Contra Liability,
P/L DUMMY,TAccount Category,Yes,P/L DUMMY,P/L DUMMY,TAccount,Balance Sheet,Asset,
PENDAPATAN BUNGA PENEMPATAN PADA BANK INDONESIA SERTIFIKAT BANK INDONESIA (SBI) INTERVENSI,TAccount Category,Yes,41021103,PEND BNG PPBI SBI INTERVENSI,TAccount,Revenue Sheet,Revenue,
ASET KS-REVERSE REPO,TAccount Category,Yes,19611216,ASET KS-REVERSE REPO,TAccount,Balance Sheet,Asset,
BEBAN BUNGA LIABILITAS EFEK-EFEK REPO SURAT BERHARGA PASAR UANG (SBPU) - PROMES/AKSEPTASI - DISKONTO,TAccount Category,Yes,51031201,BBN BNG LIA EFEK2 REPO SBPU PRM/AKS-DISK,TAccount,Revenue Sheet,Expense,
BEBAN BUNGA LIABILITAS EFEK-EFEK REPO SURAT BERHARGA PASAR UANG (SBPU) - PROMES/AKSEPTASI - NON DISKONTO,TAccount Category,Yes,51031202,BBN BNG LIA EFEK2 REPO SBPU PRM/AKS-NDIS,TAccount,Revenue Sheet,Expense,
BEBAN BUNGA SERTIFIKAT BANK INDONESIA (SBI) REPO,TAccount Category,Yes,51031101,BEBAN BUNGA SBI REPO,TAccount,Revenue Sheet,Expense,
BNO KS - REPO,TAccount Category,Yes,59011418,BNO KS - REPO,TAccount,Revenue Sheet,Expense,
LIABILITAS EFEK-EFEK REPO SURAT BERHARGA PASAR UANG (SBPU) -  PROMES/AKSEPTASI - NON DISKONTO,TAccount Category,Yes,22511104,LIAB EFEK2 REPO SBPU PROMES/AKSEP NDISK,TAccount,Balance Sheet,Liability,
LIABILITAS EFEK-EFEK REPO SURAT BERHARGA PASAR UANG (SBPU) - PROMES/AKSEPTASI - DISKONTO,TAccount Category,Yes,22511103,LIAB EFEK2 REPO SBPU PROMES/AKSEP DISK,TAccount,Balance Sheet,Liability,
LIABILITAS KS - REPO,TAccount Category,Yes,29611216,LIABILITAS KS - REPO,TAccount,Balance Sheet,Liability,
PENDAPATAN BUNGA EFEK-EFEK  REVERSE REPO SERTIFIKAT BANK INDONESIA (SBI),TAccount Category,Yes,41041101,PEND BNG EFEK2 REV.REPO SBI,TAccount,Revenue Sheet,Revenue,
PENDAPATAN BUNGA EFEK-EFEK  REVERSE REPO SURAT BERHARGA PASAR MODAL (SBPM) - OBLIGASI,TAccount Category,Yes,41041102,PEND BNG EFEK2 REV.REPO SBPM OBLIGASI,TAccount,Revenue Sheet,Revenue,
PENDAPATAN YANG MASIH AKAN DITERIMA (PYMAD) BUNGA EFEK-EFEK REVERSE REPO - OBLIGASI,TAccount Category,Yes,16531102,PYMAD BUNGA EFEK2 REVERSE REPO OBLIGASI,TAccount,Balance Sheet,Asset,
PENDAPATAN YANG MASIH AKAN DITERIMA (PYMAD) BUNGA EFEK-EFEK REVERSE REPO - SERTIFIKAT BANK INDONESIA (SBI),TAccount Category,Yes,16531101,PYMAD BUNGA EFEK-EFEK REVERSE REPO SBI,TAccount,Balance Sheet,Asset,
PNO PENDAPATAN BUNGA KANTOR SENDIRI (KS) - REVERSE REPO,TAccount Category,Yes,49011418,PNO PENDAPATAN BUNGA KANTOR SENDIRI (KS) - REVERSE REPO,TAccount,Revenue Sheet,Revenue,
TAGIHAN EFEK-EFEK REVERSE REPO SURAT BERHARGA PASAR MODAL (SBPM) OBLIGASI,TAccount Category,Yes,13511102,TAG EFEK2 REV. REPO SBPM OBLIGASI,TAccount,Balance Sheet,Asset,
TAGIHAN EFEK-EFEK REVERSE REPO SURAT BERHARGA PASAR UANG (SBPU),TAccount Category,Yes,13511101,TAG EFEK2 REV REPO SBI,TAccount,Balance Sheet,Asset,
LIABILITAS EFEK-EFEK REPO SERTIFIKAT BANK INDONESIA (SBI),TAccount Category,Yes,22511101,LIAB EFEK2 REPO SBI,TAccount,Balance Sheet,Liability,
PYMAD BNG PPBL SBI (INTERVENSI),TAccount Category,Yes,16511103,PYMAD BNG PPBL SBI (INTERVENSI),TAccount,Balance Sheet,Asset,
PENDAPATAN OPERASIONAL LAINNYA (POL) EFEK-EFEK DIPERDAGANGKAN SURAT BERHARGA PASAR MODAL (SBPM) -Â  REKSADANA,TAccount Category,Yes,45013201,PENDAPATAN OPERASIONAL LAINNYA (POL) EFEK-EFEK DIPERDAGANGKAN SURAT BERHARGA PASAR MODAL (SBPM) -  REKSADANA,TAccount,Revenue Sheet,Revenue,
EFEK-EFEK TERSEDIA UNTUK DIJUAL SURAT BERHARGA PASAR UANG (SBPU) LAINNYA - DISKONTO,TAccount Category,Yes,13032301,EFEK-EFEK TERSEDIA UNTUK DIJUAL SURAT BERHARGA PASAR UANG (SBPU) LAINNYA - DISKONTO,TAccount,Balance Sheet,Asset,
EFEK-EFEK DIPERDAGANGKAN SURAT BERHARGA PASAR UANG (SBPU) LAINNYA - DISKONTO,TAccount Category,Yes,13012301,EFEK-EFEK DIPERDAGANGKAN SURAT BERHARGA PASAR UANG (SBPU) LAINNYA - DISKONTO,TAccount,Balance Sheet,Asset,
PENDAPATAN OPERASIONAL LAINNYA (POL) EFEK-EFEK DIPERDAGANGKAN SURAT BERHARGA PASAR UANG (SBPU) LAINNYA - DISKONTO,TAccount Category,Yes,45012301,PENDAPATAN OPERASIONAL LAINNYA (POL) EFEK-EFEK DIPERDAGANGKAN SURAT BERHARGA PASAR UANG (SBPU) LAINNYA - DISKONTO,TAccount,Revenue Sheet,Revenue,
PENDAPATAN YANG MASIH AKAN DITERIMA (PYMAD) BUNGA EFEK-EFEK TERSEDIA UNTUK DIJUAL SURAT BERHARGA PASAR UANG (SBPU) - SURAT BERHARGA KOMERSIAL,TAccount Category,Yes,16528801,PENDAPATAN YANG MASIH AKAN DITERIMA (PYMAD) BUNGA EFEK-EFEK TERSEDIA UNTUK DIJUAL SURAT BERHARGA PASAR UANG (SBPU) - SURAT BERH,TAccount,Balance Sheet,Asset,
EFEK-EFEK DIMILIKI HINGGA JATUH TEMPO SURAT BERHARGA PASAR UANG (SBPU) - LAINNYA DISKONTO,TAccount Category,Yes,13022301,EFEK-EFEK DIMILIKI HINGGA JATUH TEMPO SURAT BERHARGA PASAR UANG (SBPU) - LAINNYA DISKONTO,TAccount,Balance Sheet,Asset,
PENDAPATAN YANG MASIH AKAN DITERIMA (PYMAD) BUNGA EFEK-EFEK DIMILIKI HINGGA JATUH TEMPO SURAT BERHARGA PASAR UANG (SBPU) - SURAT BERHARGA KOMERSIAL,TAccount Category,Yes,16525801,PENDAPATAN YANG MASIH AKAN DITERIMA (PYMAD) BUNGA EFEK-EFEK DIMILIKI HINGGA JATUH TEMPO SURAT BERHARGA PASAR UANG (SBPU) - SURA,TAccount,Balance Sheet,Asset,
PENDAPATAN BUNGA EFEK-EFEK DIMILIKI HINGGA JATUH TEMPO  SURAT BERHARGA PASAR UANG (SBPU) LAINNYA -  DISKONTO,TAccount Category,Yes,41032204,PENDAPATAN BUNGA EFEK-EFEK DIMILIKI HINGGA JATUH TEMPO  SURAT BERHARGA PASAR UANG (SBPU) LAINNYA -  DISKONTO,TAccount,Revenue Sheet,Revenue,
KAS UTAMA,TAccount Category,Yes,11011101,KAS UTAMA,TAccount,Balance Sheet,Asset,
PENYISIHAN PENGHAPUSAN AKTIVA PRODUKTIF (PPAP) GIRO PADA BANK LAIN (GPBL) UMUM PENAMBAHAN/PENGURANGAN,TAccount Category,Yes,12091102,PPAP-CKPN GPBL UMUM PNAMBAHAN/PNGURANGAN,TAccount,Balance Sheet,Asset,
AGIO/DISAGIO SURAT BERHARGA YANG DITERBITKAN SURAT BERHARGA PASAR MODAL (SBPM) - OBLIGASI,TAccount Category,Yes,24014101,AGIO/DISAGIO SB YG DITERBITKAN SBPM OBL,TAccount,Balance Sheet,Liability,
ASET LAIN-LAIN (ALL) AKUN INTERSYSTEM SUSPEND OPICS - DOMESTIC INTERNATIONAL PAYMENT (DIP),TAccount Category,Yes,19511649,ALL AKUN INTERSYSTEM SUSPEND OPICS-DIP,TAccount,Balance Sheet,Asset,
ASET LAIN-LAIN (ALL) AKUN INTERSYSTEM SUSPEND OPICS - TRADE SERVICES OPERATION (TSO),TAccount Category,Yes,19511650,ALL AKUN INTERSYSTEM SUSPEND OPICS-TSO,TAccount,Balance Sheet,Asset,
ASET LAIN-LAIN (ALL) AKUN SUSPEND INTERNAL SUSPENSE OPICS,TAccount Category,Yes,19511646,ALL AKUN SUSP INTERNAL SUSPENSE OPICS,TAccount,Balance Sheet,Asset,
ASET LAIN-LAIN (ALL) AKUN SUSPEND PERANTARA IBT,TAccount Category,Yes,19511607,ALL AKUN SUSPEND PERANTARA IBT,TAccount,Balance Sheet,Asset,
ASET LAIN-LAIN (ALL)  BEBAN DITANGGUHKAN LAINNYA PRODUK DEPOSITO,TAccount Category,Yes,19511114,ALL BEBAN DITANG LAINNYA PRODUK DEPOSITO,TAccount,Balance Sheet,Asset,
ASET LAIN-LAIN (ALL) UANG MUKA PAJAK PPH PASAL 23,TAccount Category,Yes,19511303,ALL UANG MUKA PAJAK PPH PASAL 23,TAccount,Balance Sheet,Asset,
ASET KANTOR SENDIRI,TAccount Category,Yes,19611106,ASET KANTOR SENDIRI,TAccount,Balance Sheet,Asset,
ASET KANTOR SENDIRI (KS) - NOSTRO,TAccount Category,Yes,19611201,ASET KS-NOSTRO KS,TAccount,Balance Sheet,Asset,
ASET PRODUKTIF HAPUS BUKU YANG DIPULIHKAN/BERHASIL DITAGIH SURAT BERHARGA - KONTRA,TAccount Category,Yes,85612101,ASET PHB DIPULIHKAN/BRHSL DTGH SB KONT,TAccount,Off Balance Sheet,Contra Asset,
ASET PRODUKTIF HAPUS BUKU YANG DIPULIHKAN/BERHASIL DITAGIH SURAT BERHARGA,TAccount Category,Yes,65612101,ASET PROD HB DIPULIHKAN/BRHSL TAGIH SB,TAccount,Off Balance Sheet,Off Balance Sheet Asset,
ASET PRODUKTIF HAPUS BUKU PENYERTAAN,TAccount Category,Yes,65541001,ASET PROD HB PENYERTAAN,TAccount,Off Balance Sheet,Off Balance Sheet Asset,
ASET PRODUKTIF HAPUS BUKU SURAT BERHARGA,TAccount Category,Yes,65512701,ASET PROD HB SURAT BERHARGA,TAccount,Off Balance Sheet,Off Balance Sheet Asset,
ASET PRODUKTIF HAPUS BUKU SURAT BERHARGA - KONTRA,TAccount Category,Yes,85512701,ASET PROD HB SURAT BERHARGA KONTRA,TAccount,Off Balance Sheet,Contra Asset,
ASET PRODUKTIF HAPUS BUKU PENYERTAAN - KONTRA,TAccount Category,Yes,85541001,ASET PROD HPS BK PENYERTAAN KONTRA,TAccount,Off Balance Sheet,Contra Asset,
BEBAN PPAP/CKPN PENEMPATAN PADA BANK LAIN,TAccount Category,Yes,55011301,BBN PPAP/CKPN PENEMPATAN PADA BANK LAIN,TAccount,Revenue Sheet,Expense,
BUNGA DITERIMA DIMUKA (BDD) EFEK-EFEK DIMILIKI HINGGA JATUH TEMPO SERTIFIKAT BANK INDONESIA (SBI) -DISKONTO,TAccount Category,Yes,13051101,BDD EFEK2 DHGJT SBI (DISKONTO),TAccount,Balance Sheet,Asset,
BUNGA DITERIMA DIMUKA (BDD) EFEK-EFEK DIMILIKI HINGGA JATUH TEMPO SURAT BERHARGA PASAR MODAL (SBPM) OBLIGASI,TAccount Category,Yes,13053101,BDD EFEK2 DHGJT SBPM OBLIGASI,TAccount,Balance Sheet,Asset,
BUNGA DITERIMA DIMUKA (BDD) EFEK-EFEK DIMILIKI HINGGA JATUH TEMPO  SURAT BERHARGA PASAR UANG (SBPU) LAINNYA - DISKONTO,TAccount Category,Yes,13052201,BDD EFEK2 DHGJT SBPU (DISKONTO),TAccount,Balance Sheet,Asset,
BIAYA DIBAYAR DI MUKA (BDD) TRANSAKSI FOREX DAN DERIVATIF,TAccount Category,Yes,17011401,BDD TRANSAKSI FOREX DAN DERIVATIVE,TAccount,Balance Sheet,Asset,
BEBAN ALAT TULIS KANTOR,TAccount Category,Yes,53011208,BEBAN ALAT TULIS KANTOR,TAccount,Revenue Sheet,Expense,
BEBAN BARANG PIHAK KETIGA,TAccount Category,Yes,53011207,BEBAN BARANG PIHAK KETIGA,TAccount,Revenue Sheet,Expense,
BEBAN BUNGA DEPOSITO,TAccount Category,Yes,51011301,BEBAN BUNGA DEPOSITO,TAccount,Revenue Sheet,Expense,
BEBAN BUNGA GIRO,TAccount Category,Yes,51011101,BEBAN BUNGA GIRO,TAccount,Revenue Sheet,Expense,
BEBAN BUNGA PINJAMAN DITERIMA FASILITAS BI,TAccount Category,Yes,51051601,BEBAN BUNGA PINJ DTRM FASILITAS BI,TAccount,Revenue Sheet,Expense,
BEBAN BUNGA PINJAMAN SUBORDINASI,TAccount Category,Yes,51061101,BEBAN BUNGA PINJAMAN SUBORDINASI,TAccount,Revenue Sheet,Expense,
BEBAN BUNGA SWAP,TAccount Category,Yes,51099004,BEBAN BUNGA PREMI SWAP,TAccount,Revenue Sheet,Expense,
BEBAN BUNGA SURAT BERHARGA PASAR UANG (SBPU) - MEDIUM TERM NOTES (MTN),TAccount Category,Yes,51041101,BEBAN BUNGA SBPU MTN,TAccount,Revenue Sheet,Expense,
BEBAN BUNGA SURAT BERHARGA PRODUK TREASURY,TAccount Category,Yes,51042301,BEBAN BUNGA SURAT BERHARGA PRD TREASURY,TAccount,Revenue Sheet,Expense,
BEBAN BUNGA TRANSAKSI DERIVATIF FORWARD RATE AGREEMENT (FRA),TAccount Category,Yes,51099005,BEBAN BUNGA TRANSAKSI DERIVATIF FRA,TAccount,Revenue Sheet,Expense,
BEBAN BUNGA TRANSAKSI DERIVATIF - INTEREST RATE SWAP (IRS),TAccount Category,Yes,51099003,BEBAN BUNGA TRN DERIVATIF-IRS,TAccount,Revenue Sheet,Expense,
BEBAN BUNGA TRANSAKSI TREASURY,TAccount Category,Yes,51099002,BEBAN BUNGA TRN TREASURY,TAccount,Revenue Sheet,Expense,
BEBAN HUMAS PENGEMBANGAN USAHA,TAccount Category,Yes,53011601,BEBAN HUMAS PENGEMBANGAN USAHA,TAccount,Revenue Sheet,Expense,
BEBAN JASA GIRO TRUST,TAccount Category,Yes,51099010,BEBAN JASA GIRO TRUST,TAccount,Revenue Sheet,Expense,
BEBAN JASA PROFESIONAL,TAccount Category,Yes,53013111,BEBAN JASA PROFESIONAL,TAccount,Revenue Sheet,Expense,
BEBAN KOMUNIKASI DATA,TAccount Category,Yes,53011103,BEBAN KOMUNIKASI DATA,TAccount,Revenue Sheet,Expense,
BEBAN MATERAI,TAccount Category,Yes,53011206,BEBAN MATERAI,TAccount,Revenue Sheet,Expense,
BEBAN PAJAK SELAIN PAJAK PENGHASILAN,TAccount Category,Yes,53011701,BEBAN PAJAK SELAIN PAJAK PENGHASILAN,TAccount,Revenue Sheet,Expense,
BEBAN PENYISIHAN KERUGIAN ASET LAIN-LAIN,TAccount Category,Yes,55011601,BEBAN PENYISIHAN KERUGIAN ASET,TAccount,Revenue Sheet,Expense,
BEBAN PPAP/CKPN SURAT BERHARGA,TAccount Category,Yes,55011201,BEBAN PPAP/CKPN SURAT BERHARGA,TAccount,Revenue Sheet,Expense,
BEBAN PPAP/CKPN  TAGIHAN TRANSAKSI DERIVATIF,TAccount Category,Yes,55011501,BEBAN PPAP/CKPN TAG TRANSAKSI DERIVATIF,TAccount,Revenue Sheet,Expense,
BEBAN PPh FINAL - SPN,TAccount Category,Yes,53011705,BEBAN PPh FINAL - SPN,TAccount,Revenue Sheet,Expense,
BEBAN PROVISI & KOMISI LAINNYA,TAccount Category,Yes,52021101,BEBAN PROV&KOM LAINNYA,TAccount,Revenue Sheet,Expense,
BEBAN PROVISI & KOMISI TRANSAKSI TREASURY,TAccount Category,Yes,52021102,BEBAN PROV&KOM TRN TREASURY,TAccount,Revenue Sheet,Expense,
BEBAN TELPON DAN FAX,TAccount Category,Yes,53011101,BEBAN TELPON DAN FAX,TAccount,Revenue Sheet,Expense,
BEBAN NON OPERASIONAL (BNO) BUNGA KANTOR SENDIRI (KS),TAccount Category,Yes,59011508,BNO BUNGA KANTOR SENDIRI,TAccount,Revenue Sheet,Expense,
BEBAN OPERASIONAL LAINNYA (BOL) BROKER,TAccount Category,Yes,58011320,BOL BROKER,TAccount,Revenue Sheet,Expense,
BEBAN OPERASIONAL LAINNYA (BOL) CUSTODIAN,TAccount Category,Yes,58011304,BOL CUSTODIAN,TAccount,Revenue Sheet,Expense,
BEBAN OPERASIONAL LAINNYA (BOL) DENDA/SANKSI,TAccount Category,Yes,59011301,BOL DENDA/SANKSI,TAccount,Revenue Sheet,Expense,
BEBAN OPERASIONAL LAINNYA (BOL) KERUGIAN TRANSAKSI DERIVATIF NILAI WAJAR KURS,TAccount Category,Yes,58011401,BOL KERUGIAN TRN DER NILAI WAJAR KURS,TAccount,Revenue Sheet,Expense,
BEBAN OPERASIONAL LAINNYA (BOL) LAINNYA,TAccount Category,Yes,58011399,BOL LAINNYA,TAccount,Revenue Sheet,Expense,
BEBAN OPERASIONAL LAINNYA (BOL) MANAGEMENT FEE,TAccount Category,Yes,58011312,BOL MANAGEMENT FEE,TAccount,Revenue Sheet,Expense,
BOL OPTION PREMI,TAccount Category,Yes,58011306,BOL OPTION PREMI,TAccount,Revenue Sheet,Expense,
BEBAN OPERASIONAL LAINNYA (BOL) PICK UP KAS,TAccount Category,Yes,58011321,BOL PICK UP KAS,TAccount,Revenue Sheet,Expense,
BEBAN OPERASIONAL LAINNYA (BOL) RUGI KURS FOREIGN EXCHANGE (FX) DEVISA UMUM (DU),TAccount Category,Yes,58011302,BOL RUGI KURS FX DU,TAccount,Revenue Sheet,Expense,
BOL TRANSAKSI DERIVATIF,TAccount Category,Yes,58011342,BOL TRANSAKSI DERIVATIF,TAccount,Revenue Sheet,Expense,
BY PREMI DD TRN DER TDNT DIGITAL OPTION TRADING,TAccount Category,Yes,17072701,BY PREMI DD TRN DER TDNT DGTL OPT TRDNG,TAccount,Balance Sheet,Asset,
BIAYA PREMI DIBAYAR DI MUKA TRANSAKSI DERIVATIF TERKAIT DENGAN NILAI TUKAR (TDNT) - OPTION PURCHASED TRADING,TAccount Category,Yes,17072301,BY PREMI DD TRN DER TDNT OPT PURCH TRD,TAccount,Balance Sheet,Asset,
BY PREMI DD TRN DER TDSB DIGITAL OPTION TRADING,TAccount Category,Yes,17076701,BY PREMI DD TRN DER TDSB DGTL OPT TRDNG,TAccount,Balance Sheet,Asset,
BIAYA PREMI DIBAYAR DI MUKA TRANSAKSI DERIVATIF TERKAIT DENGAN SUKU BUNGA (TDSB) -   FORWARD RATE AGREEMENT (FRA) HEDGING,TAccount Category,Yes,17075201,BY PREMI DD TRN DER TDSB FRA HEDGING,TAccount,Balance Sheet,Asset,
BIAYA PREMI DIBAYAR DI MUKA TRANSAKSI DERIVATIF TERKAIT DENGAN SUKU BUNGA (TDSB) -  FORWARD RATE AGREEMENT (FRA) TRADING,TAccount Category,Yes,17076201,BY PREMI DD TRN DER TDSB FRA TRADING,TAccount,Balance Sheet,Asset,
CADANGAN KERUGIAN PENURUNAN NILAI (CKPN) EFEK-EFEK INDIVIDUAL,TAccount Category,Yes,13091210,CKPN EFEK-EFEK INDIVIDUAL,TAccount,Balance Sheet,Asset,
CONVERTIBLE BOND/NOTES,TAccount Category,Yes,13034004,CONVERTIBLE BOND,TAccount,Balance Sheet,Asset,
DEPOSITO BANK LAIN,TAccount Category,Yes,22013101,DEPOSITO BANK LAIN,TAccount,Balance Sheet,Liability,
DISKONTO SURAT BERHARGA YANG DITERBITKAN SURAT BERHARGA PASAR UANG (SBPU) - NEGOTIABLE CERTIFICATES OF DEPOSIT,TAccount Category,Yes,24013301,DISKONTO SB YG DITERBITKAN SBPU NCD,TAccount,Balance Sheet,Liability,
EFEK-EFEK TERSEDIA UNTUK DIJUAL SURAT BERHARGA PASAR MODAL (SBPM) SAHAM,TAccount Category,Yes,13033301,EFEK2  TSD  U/DJL  SBPM SAHAM,TAccount,Balance Sheet,Asset,
EFEK-EFEK DIMILIKI HINGGA JATUH TEMPO PRODUK TREASURY,TAccount Category,Yes,13023401,EFEK2 DHGJT PRODUK TREASURY,TAccount,Balance Sheet,Asset,
EFEK-EFEK DIMILIKI HINGGA JATUH TEMPO SURAT BERHARGA PASAR MODAL (SBPM) SAHAM,TAccount Category,Yes,13023301,EFEK2 DHGJT SBPM SAHAM,TAccount,Balance Sheet,Asset,
EFEK-EFEK DIPERDAGANGKAN SURAT BERHARGA PASAR MODAL (SBPM) SAHAM,TAccount Category,Yes,13013301,EFEK2 DIPERDAG. SBPM SAHAM,TAccount,Balance Sheet,Asset,
GIRO PADA BANK INDONESIA,TAccount Category,Yes,11511101,GIRO PADA BANK INDONESIA,TAccount,Balance Sheet,Asset,
GIRO PADA BANK INDONESIA (INTERFACE DARI OPICS),TAccount Category,Yes,11511102,GIRO PADA BANK INDONESIA (INTFACE OPICS),TAccount,Balance Sheet,Asset,
GIRO PADA BANK LAIN,TAccount Category,Yes,12011101,GIRO PADA BANK LAIN,TAccount,Balance Sheet,Asset,
GIRO PADA BI - BI FAST,TAccount Category,Yes,11511104,GIRO PADA BI - BI FAST,TAccount,Balance Sheet,Asset,
GIRO PADA BI - VALAS (INTFACE OPICS),TAccount Category,Yes,11511105,GIRO PADA BI - VALAS (INTFACE OPICS),TAccount,Balance Sheet,Asset,
KONTRAK OPTION - BUY CALL - KONTRA,TAccount Category,Yes,81512801,KONT - OPTION - BUY CALL - KONTRA,TAccount,Off Balance Sheet,Contra Asset,
KONTRAK- OPTION - BUY PUT -  KONTRA,TAccount Category,Yes,91512901,KONT - OPTION - BUY PUT -  KONTRA,TAccount,Off Balance Sheet,Contra Liability,
KONTRAK - OPTION - BUY PUT,TAccount Category,Yes,71512901,KONT - OPTION - BUY PUT,TAccount,Off Balance Sheet,Off Balance Sheet Liability,
KONTRAK - OPTION - SELL CALL - KONTRA,TAccount Category,Yes,91512801,KONT - OPTION - SELL CALL - KONTRA,TAccount,Off Balance Sheet,Contra Liability,
KONTRAK - OPTION - SELL CALL,TAccount Category,Yes,71512801,KONT - OPTION - SELL CALL,TAccount,Off Balance Sheet,Off Balance Sheet Liability,
KONTRAK OPTION - SELL PUT - KONTRA,TAccount Category,Yes,81512901,KONT - OPTION - SELL PUT -  KONTRA,TAccount,Off Balance Sheet,Contra Asset,
KONTRAK PEMBELIAN TERKAIT DENGAN NILAI TUKAR (TDNT) DIGITAL OPTION HEDGING -KONTRA,TAccount Category,Yes,81511701,KONT PEMB TDNT DIG OPTION HEDGING KONTRA,TAccount,Off Balance Sheet,Contra Asset,
KONTRAK PEMBELIAN TERKAIT DENGAN NILAI TUKAR (TDNT) DIGITAL OPTION TRADING - KONTRA,TAccount Category,Yes,81512701,KONT PEMB TDNT DIG OPTION TRADING KONTRA,TAccount,Off Balance Sheet,Contra Asset,
KONTRAK PEMBELIAN TERKAIT DENGAN NILAI TUKAR (TDNT) DIGITAL OPTION HEDGING,TAccount Category,Yes,61511701,KONT PEMB TDNT DIGITAL OPTION HEDGING,TAccount,Off Balance Sheet,Off Balance Sheet Asset,
KONTRAK PEMBELIAN TERKAIT DENGAN NILAI TUKAR (TDNT) DIGITAL OPTION TRADING,TAccount Category,Yes,61512701,KONT PEMB TDNT DIGITAL OPTION TRADING,TAccount,Off Balance Sheet,Off Balance Sheet Asset,
KONTRAK PEMBELIAN TERKAIT DENGAN NILAI TUKAR (TDNT) OPTION CALL HEDGING -KONTRA,TAccount Category,Yes,81511301,KONT PEMB TDNT OPTION CALL HEDG KONTRA,TAccount,Off Balance Sheet,Contra Asset,
KONTRAK PEMBELIAN TERKAIT DENGAN NILAI TUKAR (TDNT) OPTION CALL TRADING -KONTRA,TAccount Category,Yes,81512301,KONT PEMB TDNT CALL OPTION TRADING KONTRA,TAccount,Off Balance Sheet,Contra Asset,
KONTRAK PEMBELIAN TERKAIT DENGAN NILAI TUKAR (TDNT) OPTION CALL TRADING,TAccount Category,Yes,61512301,KONT PEMB TDNT CALL OPTION TRADING,TAccount,Off Balance Sheet,Off Balance Sheet Asset,
KONTRAK PEMBELIAN TERKAIT DENGAN NILAI TUKAR (TDNT) OPTION CALL HEDGING,TAccount Category,Yes,61511301,KONT PEMB TDNT OPTION PURCHASED HEDGING,TAccount,Off Balance Sheet,Off Balance Sheet Asset,
KONTRAK PEMBELIAN TERKAIT DENGAN NILAI TUKAR (TDNT) OPTION PUT HEDGING,TAccount Category,Yes,61511401,KONT PEMB TDNT OPTION PUT HEDGING,TAccount,Off Balance Sheet,Off Balance Sheet Asset,
KONTRAK PEMBELIAN TERKAIT DENGAN NILAI TUKAR (TDNT) OPTION PUT TRADING,TAccount Category,Yes,61512401,KONT PEMB TDNT PUT OPTION TRADING,TAccount,Off Balance Sheet,Off Balance Sheet Asset,
KONTRAK PEMBELIAN TERKAIT DENGAN NILAI TUKAR (TDNT) OPTION PUT TRADING -KONTRA,TAccount Category,Yes,81512401,KONT PEMB TDNT PUT OPTION TRADING KONTRA,TAccount,Off Balance Sheet,Contra Asset,
KONTRAK PEMBELIAN TERKAIT DENGAN SUKU BUNGA (TDSB) FORWARD RATE AGREEMENT (FRA) HEDGING,TAccount Category,Yes,61521201,KONT PEMB TDSB FORWARD RATE AGREMENT HED,TAccount,Off Balance Sheet,Off Balance Sheet Asset,
KONTRAK PEMBELIAN TERKAIT DENGAN SUKU BUNGA (TDSB) FORWARD RATE AGREEMENT (FRA) HEDGING - KONTRA,TAccount Category,Yes,81521201,KONT PEMB TDSB FRA HEDGING KONTRA,TAccount,Off Balance Sheet,Contra Asset,
KONTRAK PEMBELIAN TERKAIT DENGAN SUKU BUNGA (TDSB) INTEREST RATE CAP HEDGING - KONTRA,TAccount Category,Yes,81521101,KONT PEMB TDSB INT RATE CAP HEDG KONTRA,TAccount,Off Balance Sheet,Contra Asset,
KONTRAK PEMBELIAN TERKAIT DENGAN SUKU BUNGA (TDSB) INTEREST RATE CAP TRADING - KONTRA,TAccount Category,Yes,81522101,KONT PEMB TDSB INT RATE CAP TRA KONTRA,TAccount,Off Balance Sheet,Contra Asset,
KONTRAK PEMBELIAN TERKAIT DENGAN SUKU BUNGA (TDSB) INTEREST RATE CAP HEDGING,TAccount Category,Yes,61521101,KONT PEMB TDSB INTEREST RATE CAP HEDGING,TAccount,Off Balance Sheet,Off Balance Sheet Asset,
KONTRAK PEMBELIAN TERKAIT DENGAN SUKU BUNGA (TDSB) INTEREST RATE CAP TRADING,TAccount Category,Yes,61522101,KONT PEMB TDSB INTEREST RATE CAP TRADING,TAccount,Off Balance Sheet,Off Balance Sheet Asset,
KONTRAK PEMBELIAN TERKAIT DENGAN SUKU BUNGA (TDSB) INTEREST RATE SWAP (IRS) HEDGING,TAccount Category,Yes,61521601,KONT PEMB TDSB INTEREST RATE SWAP,TAccount,Off Balance Sheet,Off Balance Sheet Asset,
KONTRAK PEMBELIAN TERKAIT DENGAN SUKU BUNGA (TDSB) INTEREST RATE SWAP (IRS) HEDGING - KONTRA,TAccount Category,Yes,81521601,KONT PEMB TDSB INTEREST RATE SWAP,TAccount,Off Balance Sheet,Contra Asset,
KONTRAK PENJUALAN TERKAIT DENGAN NILAI TUKAR (TDNT) DIGITAL OPTION HEDGING - KONTRA,TAccount Category,Yes,91511701,KONT PENJ TDNT DIG OPTION HEDGING KONTRA,TAccount,Off Balance Sheet,Contra Liability,
KONTRAK PENJUALAN TERKAIT DENGAN NILAI TUKAR (TDNT) DIGITAL OPTION HEDGING,TAccount Category,Yes,71511701,KONT PENJ TDNT DIGITAL OPTION HEDGING,TAccount,Off Balance Sheet,Off Balance Sheet Liability,
KONTRAK PENJUALAN TERKAIT DENGAN NILAI TUKAR (TDNT) DIGITAL OPTION TRADING - KONTRA,TAccount Category,Yes,91512701,KONT PENJ TDNT DIGITAL OPTION TRA KONTRA,TAccount,Off Balance Sheet,Contra Liability,
KONTRAK PENJUALAN TERKAIT DENGAN NILAI TUKAR (TDNT) DIGITAL OPTION TRADING,TAccount Category,Yes,71512701,KONT PENJ TDNT DIGITAL OPTION TRADING,TAccount,Off Balance Sheet,Off Balance Sheet Liability,
KONTRAK PENJUALAN TERKAIT DENGAN NILAI TUKAR (TDNT) OPTION CALL HEDGING,TAccount Category,Yes,71511301,KONT PENJ TDNT OPTION CALL HEDGING,TAccount,Off Balance Sheet,Off Balance Sheet Liability,
KONTRAK PENJUALAN TERKAIT DENGAN NILAI TUKAR (TDNT) OPTION CALL TRADING,TAccount Category,Yes,71512301,KONT PENJ TDNT OPTION CALL TRADING,TAccount,Off Balance Sheet,Off Balance Sheet Liability,
KONTRAK PENJUALAN TERKAIT DENGAN NILAI TUKAR (TDNT) OPTION CALL TRADING - KONTRA,TAccount Category,Yes,91512301,KONT PENJ TDNT OPTION CALL TRADING KONT,TAccount,Off Balance Sheet,Contra Liability,
KONTRAK PENJUALAN TERKAIT DENGAN NILAI TUKAR (TDNT) OPTION PUT HEDGING,TAccount Category,Yes,71511401,KONT PENJ TDNT OPTION PUT HEDGING,TAccount,Off Balance Sheet,Off Balance Sheet Liability,
KONTRAK PENJUALAN TERKAIT DENGAN NILAI TUKAR (TDNT) OPTION PUT TRADING,TAccount Category,Yes,71512401,KONT PENJ TDNT OPTION WRITTEN TRADING,TAccount,Off Balance Sheet,Off Balance Sheet Liability,
KONTRAK PENJUALAN TERKAIT DENGAN NILAI TUKAR (TDNT) OPTION  PUT TRADING - KONTRA,TAccount Category,Yes,91512401,KONT PENJ TDNT OPTION WRITTEN TRADING,TAccount,Off Balance Sheet,Contra Liability,
KONTRAK PENJUALAN TERKAIT DENGAN SUKU BUNGA (TDSB) FORWARD RATE AGREEMENT (FRA) HEDGING - KONTRA,TAccount Category,Yes,91521201,KONT PENJ TDSB FRA HEDG KONTRA,TAccount,Off Balance Sheet,Contra Liability,
KONTRAK PENJUALAN TERKAIT DENGAN SUKU BUNGA (TDSB) FORWARD RATE AGREEMENT (FRA) HEDGING,TAccount Category,Yes,71521201,KONT PENJ TDSB FRA HEDGING,TAccount,Off Balance Sheet,Off Balance Sheet Liability,
KONTRAK PENJUALAN TERKAIT DENGAN SUKU BUNGA (TDSB) INTEREST RATE CAP HEDGING,TAccount Category,Yes,71521101,KONT PENJ TDSB INTEREST RATE CAP HED,TAccount,Off Balance Sheet,Off Balance Sheet Liability,
KONTRAK PENJUALAN TERKAIT DENGAN SUKU BUNGA (TDSB) INTEREST RATE CAP HEDGING - KONTRA,TAccount Category,Yes,91521101,KONT PENJ TDSB INTEREST RATE CAP HEDG K,TAccount,Off Balance Sheet,Contra Liability,
KONTRAK PENJUALAN TERKAIT DENGAN SUKU BUNGA (TDSB)  INTEREST RATE CAP TRADING,TAccount Category,Yes,71522101,KONT PENJ TDSB INTEREST RATE CAP TRA,TAccount,Off Balance Sheet,Off Balance Sheet Liability,
KONTRAK PENJUALAN TERKAIT DENGAN SUKU BUNGA (TDSB)  INTEREST RATE CAP TRADING - KONTRA,TAccount Category,Yes,91522101,KONT PENJ TDSB INTEREST RATE CAP TRA K,TAccount,Off Balance Sheet,Contra Liability,
KONTRAK PENJUALAN TERKAIT DENGAN SUKU BUNGA (TDSB) INTEREST RATE SWAP HEDGING - KONTRA,TAccount Category,Yes,91521601,KONT PENJ TDSB IRS HEDG KONTRA,TAccount,Off Balance Sheet,Contra Liability,
KONTRAK PENJUALAN TERKAIT DENGAN SUKU BUNGA (TDSB) INTEREST RATE SWAP HEDGING,TAccount Category,Yes,71521601,KONT PENJ TDSB IRS HEDGING,TAccount,Off Balance Sheet,Off Balance Sheet Liability,
KONTRAK OPTION - BUY CALL,TAccount Category,Yes,61512801,KONTRAK OPTION - BUY CALL,TAccount,Off Balance Sheet,Off Balance Sheet Asset,
KONTRAK OPTION - SELL PUT,TAccount Category,Yes,61512901,KONTRAK OPTION - SELL PUT,TAccount,Off Balance Sheet,Off Balance Sheet Asset,
KONTRAK PEMBELIAN TERKAIT DENGAN SUKU BUNGA (TDSB) DIGITAL OPTION TRADING - KONTRA,TAccount Category,Yes,81522701,KONTRAK PEMB TDSB DGTL OPT TRDNG - KONTR,TAccount,Off Balance Sheet,Contra Asset,
KONTRAK PEMBELIAN TERKAIT DENGAN SUKU BUNGA (TDSB) DIGITAL OPTION TRADING,TAccount Category,Yes,61522701,KONTRAK PEMBELIAN TDSB DGTL OPT TRDNG,TAccount,Off Balance Sheet,Off Balance Sheet Asset,
KONTRAK PENJUALAN TERKAIT DENGAN SUKU BUNGA (TDSB) DIGITAL OPTION TRADING - KONTRA,TAccount Category,Yes,91522701,KONTRAK PENJ TDSB - DGTL OPT TRDNG - KON,TAccount,Off Balance Sheet,Contra Liability,
KONTRAK PENJUALAN TERKAIT DENGAN SUKU BUNGA (TDSB) DIGITAL OPTION TRADING,TAccount Category,Yes,71522701,KONTRAK PENJUALAN TDSB,TAccount,Off Balance Sheet,Off Balance Sheet Liability,
KREDIT YANG DIBERIKAN (KYD) TRANSAKSI TREASURY,TAccount Category,Yes,15014001,KYD TRANSAKSI TREASURY,TAccount,Balance Sheet,Asset,
LABA TAHUN LALU,TAccount Category,Yes,34511101,LABA TAHUN LALU,TAccount,Balance Sheet,Equity,
LIABILITAS DERIVATIF TERKAIT DENGAN NILAI TUKAR (TDNT) DIGITAL OPTION TRADING,TAccount Category,Yes,23012701,LIAB DER TDNT DIGITAL OPTION TRADING,TAccount,Balance Sheet,Liability,
LIABILITAS DERIVATIF TERKAIT DENGAN NILAI TUKAR (TDNT) FORWARD HEDGING,TAccount Category,Yes,23011201,LIAB DER TDNT FORWARD HEDGING,TAccount,Balance Sheet,Liability,
LIABILITAS DERIVATIF TERKAIT DENGAN NILAI TUKAR (TDNT) FUTURE HEDGING,TAccount Category,Yes,23011501,LIAB DER TDNT FUTURE HEDGING,TAccount,Balance Sheet,Liability,
LIABILITAS DERIVATIF TERKAIT DENGAN NILAI TUKAR (TDNT) FUTURE TRADING,TAccount Category,Yes,23012501,LIAB DER TDNT FUTURE TRADING,TAccount,Balance Sheet,Liability,
LIABILITAS DERIVATIF TERKAIT DENGAN NILAI TUKAR (TDNT) OPTION PURCHASED HEDGING,TAccount Category,Yes,23011301,LIAB DER TDNT OPTION PURCHASED HEDGING,TAccount,Balance Sheet,Liability,
LIABILITAS DERIVATIF TERKAIT DENGAN NILAI TUKAR (TDNT) OPTION PURCHASED TRADING,TAccount Category,Yes,23012301,LIAB DER TDNT OPTION PURCHASED TRADING,TAccount,Balance Sheet,Liability,
LIABILITAS DERIVATIF TERKAIT DENGAN NILAI TUKAR (TDNT) OPTION WRITTEN HEDGING,TAccount Category,Yes,23011401,LIAB DER TDNT OPTION WRITTEN HEDGING,TAccount,Balance Sheet,Liability,
LIABILITAS DERIVATIF TERKAIT DENGAN NILAI TUKAR (TDNT)  OPTION WRITTEN TRADING,TAccount Category,Yes,23012401,LIAB DER TDNT OPTION WRITTEN TRADING,TAccount,Balance Sheet,Liability,
LIABILITAS DERIVATIF TERKAIT DENGAN NILAI TUKAR (TDNT) SPOT HEDGING,TAccount Category,Yes,23011101,LIAB DER TDNT SPOT HEDGING,TAccount,Balance Sheet,Liability,
LIABILITAS DERIVATIF TERKAIT DENGAN NILAI TUKAR (TDNT) SWAP HEDGING,TAccount Category,Yes,23011601,LIAB DER TDNT SWAP HEDGING,TAccount,Balance Sheet,Liability,
LIABILITAS DERIVATIF TERKAIT DENGAN SUKU BUNGA (TDSB) - DIGITAL OPTION TRADING,TAccount Category,Yes,23022701,LIAB DER TDSB DGTL OPT TRDNG,TAccount,Balance Sheet,Liability,
LIABILITAS DERIVATIF TERKAIT DENGAN SUKU BUNGA (TDSB) FORWARD RATE AGREEMENT (FRA) HEDGING,TAccount Category,Yes,23021201,LIAB DER TDSB FWRD RATE AGREMENT HEDGING,TAccount,Balance Sheet,Liability,
LIABILITAS DERIVATIF TERKAIT DENGAN SUKU BUNGA (TDSB) INTEREST RATE CAP TRADING,TAccount Category,Yes,23022101,LIAB DER TDSB INTEREST RATE CAP,TAccount,Balance Sheet,Liability,
LIABILITAS DERIVATIF TERKAIT DENGAN SUKU BUNGA (TDSB) INTEREST RATE CAP HEDGING,TAccount Category,Yes,23021101,LIAB DER TDSB INTEREST RATE CAP HEDGING,TAccount,Balance Sheet,Liability,
LIABILITAS DERIVATIF TERKAIT DENGAN SUKU BUNGA (TDSB) INTEREST RATE SWAP (IRS) HEDGING,TAccount Category,Yes,23021601,LIAB DER TDSB INTEREST RATE SWAP HEDGING,TAccount,Balance Sheet,Liability,
LIABILITAS DERIVATIF YANG MASIH HARUS DISELESAIKAN,TAccount Category,Yes,23022801,LIAB DER YG MSH HRS DISELESAIKAN,TAccount,Balance Sheet,Liability,
LIABILITAS KANTOR SENDIRI (KS),TAccount Category,Yes,29611106,LIABILITAS KANTOR SENDIRI,TAccount,Balance Sheet,Liability,
LIABILITAS KANTOR SENDIRI (KS) - INITIAL DEPOSIT ACCOUNT,TAccount Category,Yes,29611206,LIABILITAS KS INITIAL DEPOSIT ACCOUNT,TAccount,Balance Sheet,Liability,
LIABILITAS LAIN-LAIN (LLL) REKENING SELISIH CARRIED OVER,TAccount Category,Yes,29511401,LLL AKUN SELISIH CARRIED OVER,TAccount,Balance Sheet,Liability,
LIABILITAS LAIN-LAIN (LLL)  BEBAN BUNGA YANG MASIH HARUS DIBAYAR (YMHD) INTEREST RATE SWAP (IRS),TAccount Category,Yes,27516101,LLL BBN BNG YMHD IRS,TAccount,Balance Sheet,Liability,
LIABILITAS LAIN-LAIN (LLL) BEBAN BUNGA YANG MASIH HARUS DIBAYAR (YMHD) PINJAMAN DITERIMA - TWO STEP LOAN (TSL),TAccount Category,Yes,27514101,LLL BBN BNG YMHD PINJAMAN DITERIMA TSL,TAccount,Balance Sheet,Liability,
LIABILITAS LAIN-LAIN (LLL)  BEBAN BUNGA YANG MASIH HARUS DIBAYAR (YMHD) PINJAMAN SUBORDINASI,TAccount Category,Yes,27515101,LLL BBN BNG YMHD PINJAMAN SUBORDINASI,TAccount,Balance Sheet,Liability,
LIABILITAS LAIN-LAIN (LLL) BEBAN BUNGA YANG MASIH HARUS DIBAYAR (YMHD) SURAT BERHARGA FLOATING RATE NOTES (FRN),TAccount Category,Yes,27511201,LLL BBN BNG YMHD SURAT BERHARGA FRN,TAccount,Balance Sheet,Liability,
LIABILITAS LAIN-LAIN (LLL) BEBAN BUNGA YANG MASIH HARUS DIBAYAR (YMHD) SURAT BERHARGA - MEDIUM TERM NOTES,TAccount Category,Yes,27511101,LLL BBN BNG YMHD SURAT BERHARGA MTN,TAccount,Balance Sheet,Liability,
LIABILITAS LAIN-LAIN (LLL) BEBAN BUNGA YANG MASIH HARUS DIBAYAR (YMHD) SURAT BERHARGA - NEGOTIABLE CERTIFICATES OF DEPOSIT (NCD),TAccount Category,Yes,27511301,LLL BBN BNG YMHD SURAT BERHARGA NCD,TAccount,Balance Sheet,Liability,
LIABILITAS LAIN-LAIN (LLL) BIAYA YANG MASIH HARUS DIBAYAR (YMHD) PREMI OPTION,TAccount Category,Yes,27521110,LLL BIAYA YMHD PREMI OPTION,TAccount,Balance Sheet,Liability,
LIABILITAS LAIN-LAIN (LLL)  CADANGAN BIAYA YANG MASIH HARUS DIBAYAR (YMHD),TAccount Category,Yes,27521106,LLL CAD BIAYA YANG MASIH HARUS DIBAYAR,TAccount,Balance Sheet,Liability,
LIABILITAS LAIN-LAIN (LLL) - LIABILITAS TRANSAKSI DERIVATIF,TAccount Category,Yes,27521105,LLL LIABILITAS TRANSAKSI DERIVATIF,TAccount,Balance Sheet,Liability,
LIABILITAS LAIN-LAIN (LLL) PENDAPATAN DITERIMA DIMUKA REVERSE REPO,TAccount Category,Yes,27551102,LLL PEND DITERIMA DIMUKA REVERSE REPO,TAccount,Balance Sheet,Liability,
LIABILITAS LAIN-LAIN (LLL) PENDAPATAN DITERIMA DIMUKA TRANSAKSI TREASURY,TAccount Category,Yes,27551103,LLL PEND DITERIMA DIMUKA TRN TREASURY,TAccount,Balance Sheet,Liability,
LIABILITAS LAIN-LAIN (LLL)  PENDAPATAN PREMI DITERIMA DI MUKA TRANSAKSI DERIVATIF TERKAIT DENGAN NILAI TUKAR (TDNT) -  FUTURE HEDGING,TAccount Category,Yes,27555501,LLL PEND PRM DD TRN DER TDNT FUT HDG,TAccount,Balance Sheet,Liability,
LIABILITAS LAIN-LAIN (LLL)  PENDAPATAN PREMI DITERIMA DI MUKA TRANSAKSI DERIVATIF TERKAIT DENGAN NILAI TUKAR (TDNT) -  FUTURE TRADING,TAccount Category,Yes,27556501,LLL PEND PRM DD TRN DER TDNT FUT TRD,TAccount,Balance Sheet,Liability,
LIABILITAS LAIN-LAIN (LLL)  PENDAPATAN PREMI DITERIMA DI MUKA TRANSAKSI DERIVATIF TERKAIT DENGAN NILAI TUKAR (TDNT) - OPTION WRITTEN TRADING,TAccount Category,Yes,27556301,LLL PEND PRM DD TRN DER TDNT OPT WRT TRD,TAccount,Balance Sheet,Liability,
LIABILITAS LAIN-LAIN (LLL) PENDAPATAN PREMI DITERIMA DI MUKA TRANSAKSI DERIVATIF TERKAIT DENGAN NILAI TUKAR (TDNT) - SWAP HEDGING,TAccount Category,Yes,27555601,LLL PEND PRM DD TRN DER TDNT SWAP HDG,TAccount,Balance Sheet,Liability,
LIABILITAS LAIN-LAIN (LLL)  PENDAPATAN PREMI DITERIMA DIMUKA TRANSAKSI DERIVATIF TERKAIT DENGAN NILAI TUKAR (TDNT) - SWAP TRADING,TAccount Category,Yes,27556601,LLL PEND PRM DD TRN DER TDNT SWAP TRD,TAccount,Balance Sheet,Liability,
KEWAJIBAN LAIN-LAIN (KLL) PENDAPATAN PREMI DITERIMA DI MUKA TRANSAKSI DERIVATIF TERKAIT DENGAN SUKU BUNGA (TDSB) - FORWARD RATE AGREEMENT (FRA) HEDGING,TAccount Category,Yes,27557201,LLL PEND PRM DD TRN DER TDSB FRA HDG,TAccount,Balance Sheet,Liability,
LIABILITAS LAIN-LAIN (LLL) PENDAPATAN PREMI DITERIMA DI MUKA TRANSAKSI DERIVATIF TERKAIT DENGAN SUKU BUNGA (TDSB) - FORWARD RATE AGREEMENT (FRA) TRADING,TAccount Category,Yes,27558201,LLL PEND PRM DD TRN DER TDSB FRA TRD,TAccount,Balance Sheet,Liability,
LIABILITAS LAIN-LAIN (LLL) PENDAPATAN PREMI DITERIMA DI MUKA TRANSAKSI DERIVATIF TERKAIT DENGAN SUKU BUNGA (TDSB) - FUTURE TRADING,TAccount Category,Yes,27558501,LLL PEND PRM DD TRN DER TDSB FUT TRD,TAccount,Balance Sheet,Liability,
KEWAJIBAN LAIN-LAIN (KLL) PENDAPATAN PREMI DITERIMA DIMUKA TRANSAKSI DERIVATIF TERKAIT DENGAN SUKU BUNGA (TDSB) -  INTEREST RATE CAP HEDGING,TAccount Category,Yes,27557101,LLL PEND PRM DD TRN DER TDSB IR CAP HDG,TAccount,Balance Sheet,Liability,
LIABILITAS LAIN-LAIN (LLL) PENDAPATAN PREMI DITERIMA DI MUKA TRANSAKSI DERIVATIF TERKAIT DENGAN SUKU BUNGA (TDSB) - INTEREST RATE CAP TRADING,TAccount Category,Yes,27558101,LLL PEND PRM DD TRN DER TDSB IR CAP TRD,TAccount,Balance Sheet,Liability,
LIABILITAS LAIN-LAIN (LLL) PENDAPATAN PREMI DITERIMA DI MUKA TRANSAKSI DERIVATIF TERKAIT DENGAN SUKU BUNGA (TDSB) -   INTEREST RATE SWAP (IRS) HEDGING,TAccount Category,Yes,27557601,LLL PEND PRM DD TRN DER TDSB IRS HDG,TAccount,Balance Sheet,Liability,
LIABILITAS LAIN-LAIN (LLL) PENDAPATAN PREMI DITERIMA DI MUKA TRANSAKSI DERIVATIF TERKAIT DENGAN SUKU BUNGA (TDSB) - INTEREST RATE SWAP (IRS) TRADING,TAccount Category,Yes,27558601,LLL PEND PRM DD TRN DER TDSB IRS TRD,TAccount,Balance Sheet,Liability,
LIABILITAS LAIN-LAIN (LLL) PENDAPATAN PREMI DITERIMA DI MUKA TRANSAKSI DERIVATIF TERKAIT DENGAN SUKU BUNGA (TDSB) - OPTION WRITTEN HEDGING,TAccount Category,Yes,27557301,LLL PEND PRM DD TRN DER TDSB OPT WRT HDG,TAccount,Balance Sheet,Liability,
LIABILITAS LAIN-LAIN (LLL) PENDAPATAN PREMI DITERIMA DIMUKA TRANSAKSI DERIVATIF TERKAIT DENGAN SUKU BUNGA (TDSB) - OPTION WRITTEN TRADING,TAccount Category,Yes,27558301,LLL PEND PRM DD TRN DER TDSB OPT WRT TRD,TAccount,Balance Sheet,Liability,
LIABILITAS LAIN-LAIN (LLL)  TITIPAN YANG MASIH HARUS DISELESAIKAN,TAccount Category,Yes,27561118,LLL TITIPAN YANG MSH HRS DISELESAIKAN,TAccount,Balance Sheet,Liability,
MEMO ACCOUNT BUNGA YANG MASIH HARUS DITAGIH,TAccount Category,Yes,66012901,MEMO ACCOUNT BUNGA YMH DITAGIH,TAccount,Off Balance Sheet,Off Balance Sheet Asset,
MEMO ACCOUNT BUNGA YANG MASIH HARUS DITAGIH - KONTRA,TAccount Category,Yes,86012901,MEMO ACCOUNT BUNGA YMH DITAGIH KONTRA,TAccount,Off Balance Sheet,Contra Asset,
OBLIGASI PEMERINTAH PREMI/DISKONTO DIMILIKI HINGGA JATUH TEMPO,TAccount Category,Yes,14041101,OBL. PEM. PREMI/DISKONTO DHGJT,TAccount,Balance Sheet,Asset,
PENDAPATAN BUNGA DALAM PENYELESAIAN (BDP - AKTIF) EFEK-EFEK DIMILIKI HINGGA JATUH TEMPO SURAT BERHARGA PASAR MODAL (SBPM) OBLIGASI,TAccount Category,Yes,62533101,PEND BDP (AKTIF) EFEK-EFEK DHG. JT.,TAccount,Off Balance Sheet,Off Balance Sheet Asset,
PENDAPATAN BUNGA DALAM PENYELESAIAN (BDP - AKTIF) EFEK-EFEK DIPERDAGANGKAN SURAT BERHARGA PASAR UANG (SBPU) MEDIUM TERM NOTES (MTN) DISKONTO,TAccount Category,Yes,62522101,PEND BDP (AKTIF) EFEK-EFEK DIPERDAG.,TAccount,Off Balance Sheet,Off Balance Sheet Asset,
PENDAPATAN BUNGA DALAM PENYELESAIAN (BDP - AKTIF) EFEK-EFEK TERSEDIA UNTUK DIJUAL SURAT BERHARGA PASAR MODAL (SBPM) OBLIGASI,TAccount Category,Yes,62543101,PEND BDP (AKTIF) EFEK-EFEK TSD U/DJL,TAccount,Off Balance Sheet,Off Balance Sheet Asset,
PENDAPATAN BUNGA DALAM PENYELESAIAN (BDP - AKTIF) EFEK-EFEK TERSEDIA UNTUK DIJUAL SURAT BERHARGA PASAR MODAL (SBPM) OBLIGASI - KONTRA,TAccount Category,Yes,82543101,PEND BDP (AKTIF) EFEK-EFEK TSD U/DJL,TAccount,Off Balance Sheet,Contra Asset,
PENDAPATAN BUNGA DALAM PENYELESAIAN (BDP - PASIF) SURAT BERHARGA,TAccount Category,Yes,63015001,PEND BDP (PASIF) SURAT BERHARGA,TAccount,Off Balance Sheet,Off Balance Sheet Asset,
PENDAPATAN BUNGA DALAM PENYELESAIAN (BDP - AKTIF) EFEK-EFEK DIMILIKI HINGGA JATUH TEMPO SURAT BERHARGA PASAR MODAL (SBPM) OBLIGASI - KONTRA,TAccount Category,Yes,82533101,PEND BDP(AKTIF) EFEK-EFEK DHG. JT. SBPM,TAccount,Off Balance Sheet,Contra Asset,
PENDAPATAN BUNGA DALAM PENYELESAIAN (BDP-AKTIF) EFEK-EFEK DIPERDAGANGKAN SURAT BERHARGA PASAR UANG (SBPU) MEDIUM TERM NOTES (MTN) - DISKONTO - KONTRA,TAccount Category,Yes,82522101,PEND BDP(AKTIF) EFEK-EFEK DPDG. SBPU,TAccount,Off Balance Sheet,Contra Asset,
PENDAPATAN BUNGA DALAM PENYELESAIAN (BDP - PASIF) SURAT BERHARGA - KONTRA,TAccount Category,Yes,83015001,PEND BDP(PASIF) SURAT BERHARGA KONTRA,TAccount,Off Balance Sheet,Contra Asset,
PENDAPATAN BUNGA EFEK-EFEK DIMILIKI HINGGA JATUH TEMPO SURAT BERHARGA PASAR MODAL (SBPM) -  REKSADANA,TAccount Category,Yes,41032302,PEND BNG EFEK2 DHGJT SBPM REKSADANA,TAccount,Revenue Sheet,Revenue,
PENDAPATAN BUNGA EFEK-EFEK DIPERDAGANGKAN SURAT PERBENDAHARAAN NEGARA (SPN),TAccount Category,Yes,41031102,PEND BNG EFEK2 DIPERDAGANGKAN SPN,TAccount,Revenue Sheet,Revenue,
PENDAPATAN BUNGA EFEK-EFEK DIPERDAGANGKAN SURAT BERHARGA PASAR MODAL (SBPM) -  OBLIGASI,TAccount Category,Yes,41031301,PEND BNG EFEK2 DPDG SBPM OBLIGASI,TAccount,Revenue Sheet,Revenue,
PENDAPATAN BUNGA EFEK-EFEK DIPERDAGANGKAN SURAT BERHARGA PASAR MODAL (SBPM) - REKSADANA,TAccount Category,Yes,41031302,PEND BNG EFEK2 DPDG SBPM REKSADANA,TAccount,Revenue Sheet,Revenue,
PENDAPATAN BUNGA EFEK-EFEK DIPERDAGANGKAN PRODUK TREASURY,TAccount Category,Yes,41031401,PEND BNG EFEK2 DPDG-PRODUK TREASURY,TAccount,Revenue Sheet,Revenue,
PENDAPATAN BUNGA EFEK-EFEK TERSEDIA UNTUK DIJUAL SURAT BERHARGA PASAR MODAL (SBPM) -REKSADANA,TAccount Category,Yes,41033302,PEND BNG EFEK2 TSD U/DJL SBPM REKSADANA,TAccount,Revenue Sheet,Revenue,
PENDAPATAN BUNGA KREDIT YANG DIBERIKAN (KYD) TRANSAKSI TREASURY,TAccount Category,Yes,41014001,PEND BNG KYD TRN TREASURY,TAccount,Revenue Sheet,Revenue,
PENDAPATAN BUNGA LAINNYA BANK INDONESIA,TAccount Category,Yes,41051101,PEND BNG LAINNYA BANK INDONESIA,TAccount,Revenue Sheet,Revenue,
PENDAPATAN BUNGA LAINNYA GIRO PADA BANK LAIN,TAccount Category,Yes,41051102,PEND BNG LAINNYA GIRO BANK LAIN,TAccount,Revenue Sheet,Revenue,
PENDAPATAN BUNGA  OBLIGASI PEMERINTAH DIPERDAGANGKAN,TAccount Category,Yes,41061101,PEND BNG OBL PEMERINTAH DPDG,TAccount,Revenue Sheet,Revenue,
PENDAPATAN BUNGA PENEMPATAN PADA BANK LAIN (PPBL)  DEPOSITO BERJANGKA,TAccount Category,Yes,41021301,PEND BNG PPBL DEPOSITO BERJANGKA,TAccount,Revenue Sheet,Revenue,
PENDAPATAN BUNGA PENEMPATAN PADA BANK LAIN (PPBL) INTERBANK CALL MONEY - DISKONTO,TAccount Category,Yes,41021101,PEND BNG PPBL INTERBANK CALL MONEY-DISK,TAccount,Revenue Sheet,Revenue,
PENDAPATAN BUNGA PENEMPATAN PADA BANK LAIN (PPBL) SERTIFIKAT DEPOSITO,TAccount Category,Yes,41021401,PEND BNG PPBL SERTIFIKAT DEPOSITO,TAccount,Revenue Sheet,Revenue,
PENDAPATAN BUNGA TRANSAKSI DERIVATIF - FORWARD RATE AGREEMENT (FRA),TAccount Category,Yes,41099002,PEND BNG TRN DERIVATIF-FRA,TAccount,Revenue Sheet,Revenue,
PENDAPATAN BUNGA TRANSAKSI DERIVATIF - INTEREST RATE SWAP (IRS),TAccount Category,Yes,41099001,PEND BNG TRN DERIVATIF-IRS,TAccount,Revenue Sheet,Revenue,
PENDAPATAN  PROVISI & KOMISI LAINNYA FOREX NON CASH,TAccount Category,Yes,43011104,PEND PROV&KOM LAINNYA FOREX NON CASH,TAccount,Revenue Sheet,Revenue,
PENDAPATAN  PROVISI & KOMISI LAINNYA SURAT BERHARGA,TAccount Category,Yes,43011102,PEND PROV&KOM LAINNYA SURAT BERHARGA,TAccount,Revenue Sheet,Revenue,
PENDAPATAN  PROVISI & KOMISI LAINNYA TRANSAKSI TREASURY,TAccount Category,Yes,43011401,PEND PROV&KOM LAINNYA TRANSAKSI TREASURY,TAccount,Revenue Sheet,Revenue,
PENDAPATAN BUNGA SWAP,TAccount Category,Yes,41099004,PENDAPATAN BUNGA PREMI SWAP,TAccount,Revenue Sheet,Revenue,
PENDAPATAN COMPREHENSIF LAINNYA - LAINNYA,TAccount Category,Yes,33711101,PENDAPATAN COMPREHENSIF LAINNYA-LAINNYA,TAccount,Balance Sheet,Equity,
PINJAMAN DITERIMA YANG BELUM DIGUNAKAN LAINNYA - KONTRA,TAccount Category,Yes,81011199,PINJ DTRM BLM DIGUNAKAN LAINNYA-KONTRA,TAccount,Off Balance Sheet,Contra Asset,
PINJAMAN DITERIMA YANG BELUM DIGUNAKAN LAINNYA,TAccount Category,Yes,61011199,PINJ DTRM YG BLM DIGUNAKAN LAINNYA,TAccount,Off Balance Sheet,Off Balance Sheet Asset,
PINJAMAN SUBORDINASI,TAccount Category,Yes,28011101,PINJAMAN SUBORDINASI,TAccount,Balance Sheet,Liability,
PENDAPATAN NON OPERASIONAL (PNO)  BUNGA KANTOR SENDIRI,TAccount Category,Yes,49011502,PNO BUNGA KANTOR SENDIRI,TAccount,Revenue Sheet,Revenue,
PENDAPATAN NON OPERASIONAL (PNO) LAINNYA,TAccount Category,Yes,49011999,PNO LAINNYA,TAccount,Revenue Sheet,Revenue,
PNO PENDAPATAN KS,TAccount Category,Yes,49011400,PNO PENDAPATAN KS,TAccount,Revenue Sheet,Revenue,
POL EFEK2 DIPERDAGANGKAN PRODUK TREASURY,TAccount Category,Yes,45014101,POL EFEK2 DIPERDAGANGKAN PRODUK TREASURY,TAccount,Revenue Sheet,Revenue,
POL TRANSAKSI DERIVATIF,TAccount Category,Yes,48011134,POL FEE TRANSAKSI DERIVATIF,TAccount,Revenue Sheet,Revenue,
POL LABA PENJUALAN SB REKSADANA,TAccount Category,Yes,46011104,POL LABA PENJUALAN SB REKSADANA,TAccount,Revenue Sheet,Revenue,
PENDAPATAN OPERASIONAL LAINNYA (POL) LABA PENJUALAN SURAT BERHARGA - HELD TO MATURITY (HTM),TAccount Category,Yes,46011103,POL LABA PENJUALAN SURAT BERHARGA-HTM,TAccount,Revenue Sheet,Revenue,
PENDAPATAN OPERASIONAL LAINNYA (POL) LABA RUGI KURS FOREIGN EXCHANGE (FX) DEVISA UMUM (DU)  REVALUASI,TAccount Category,Yes,44011201,POL LABA RUGI KURS FX DU REVALUASI,TAccount,Revenue Sheet,Revenue,
PENDAPATAN OPERASIONAL LAINNYA (POL) LABA RUGI KURS FOREIGN EXCHANGE (FX) UANG KERTAS ASING (UKA) TRANSAKSI,TAccount Category,Yes,44011102,POL LABA RUGI KURS FX UKA TRANSAKSI,TAccount,Revenue Sheet,Revenue,
POL OPTION PREMI,TAccount Category,Yes,48011118,POL OPTION PREMI,TAccount,Revenue Sheet,Revenue,
PENYISIHAN PENGHAPUSAN AKTIVA PRODUKTIF (PPAP) EFEK-EFEK KHUSUSPENAMBAHAN/PENGURANGAN,TAccount Category,Yes,13091202,PPAP EFEK2 KHUSUSPENAMBAHAN/PENGURANGAN,TAccount,Balance Sheet,Asset,
PENYISIHAN PENGHAPUSAN AKTIVA PRODUKTIF (PPAP) EFEK-EFEK REVERSE REPO UMUM PENAMBAHAN/PENGURANGAN,TAccount Category,Yes,13591102,PPAP EFEK2 REV.REPO UMUM,TAccount,Balance Sheet,Asset,
PENYISIHAN PENGHAPUSAN AKTIVA PRODUKTIF (PPAP) EFEK-EFEK UMUM PENAMBAHAN/PENGURANGAN,TAccount Category,Yes,13091102,PPAP EFEK2 UMUM PENAMBAHAN/PENGURANGAN,TAccount,Balance Sheet,Asset,
PENYISIHAN PENGHAPUSAN AKTIVA PRODUKTIF (PPAP) EFEK-EFEK UMUM SALDO AWAL,TAccount Category,Yes,13091101,PPAP EFEK2 UMUM SALDO AWAL,TAccount,Balance Sheet,Asset,
PENYISIHAN PENGHAPUSAN AKTIVA PRODUKTIF (PPAP) KREDIT YANG DIBERIKAN (KYD),TAccount Category,Yes,15091101,PPAP KREDIT YANG DIBERIKAN,TAccount,Balance Sheet,Asset,
PENYISIHAN PENGHAPUSAN AKTIVA PRODUKTIF (PPAP) PENEMPATAN PADA BANK LAIN (PPBL) KHUSUS PENAMBAHAN/PENGURANGAN,TAccount Category,Yes,12591202,PPAP PPBL KHUSUS PENAMBAHAN/PENGURANGAN,TAccount,Balance Sheet,Asset,
PENYISIHAN PENGHAPUSAN AKTIVA PRODUKTIF (PPAP) PENEMPATAN PADA BANK LAIN (PPBL) KHUSUS SALDO AWAL,TAccount Category,Yes,12591201,PPAP PPBL KHUSUS SALDO AWAL,TAccount,Balance Sheet,Asset,
PENYISIHAN PENGHAPUSAN AKTIVA PRODUKTIF (PPAP) PENEMPATAN PADA BANK LAIN (PPBL) UMUM PENAMBAHAN/PENGURANGAN,TAccount Category,Yes,12591102,PPAP PPBL UMUM PENAMBAHAN/PENGURANGAN,TAccount,Balance Sheet,Asset,
PENYISIHAN PENGHAPUSAN AKTIVA PRODUKTIF (PPAP) PENEMPATAN PADA BANK LAIN (PPBL) UMUM SALDO AWAL,TAccount Category,Yes,12591101,PPAP PPBL UMUM SALDO AWAL,TAccount,Balance Sheet,Asset,
PENYISIHAN PENURUNAN AKTIVA PRODUKTIF (PPAP) TAGIHAN DERIVATIF KHUSUSPENAMBAHAN/PENGURANGAN,TAccount Category,Yes,14591202,PPAP TAG DERIVATIF KHUSUS PNAMBAH/,TAccount,Balance Sheet,Asset,
PENYISIHAN PENURUNAN AKTIVA PRODUKTIF (PPAP) TAGIHAN DERIVATIF KHUSUS SALDO AWAL,TAccount Category,Yes,14591201,PPAP TAG DERIVATIF KHUSUS SALDO AWAL,TAccount,Balance Sheet,Asset,
PENYISIHAN PENURUNAN AKTIVA PRODUKTIF (PPAP) TAGIHAN DERIVATIF UMUM PENAMBAHAN/PENGURANGAN,TAccount Category,Yes,14591102,PPAP TAGIHAN DERIVATIF UMUM PNAMBAH/,TAccount,Balance Sheet,Asset,
PENYISIHAN PENURUNAN AKTIVA PRODUKTIF (PPAP) TAGIHAN DERIVATIF UMUM SALDO AWAL,TAccount Category,Yes,14591101,PPAP TAGIHAN DERIVATIF UMUM SALDO AWAL,TAccount,Balance Sheet,Asset,
PENYISIHAN PENGHAPUSAN AKTIVA PRODUKTIF (PPAP) GIRO PADA BANK LAIN (GPBL) UMUM SALDO AWAL,TAccount Category,Yes,12091101,PPAP-CKPN GPBL UMUM SALDO AWAL,TAccount,Balance Sheet,Asset,
PENEMPATAN PADA BANK LAIN (PPBL) CERTIFICATE OF DEPOSIT,TAccount Category,Yes,66012803,PPBL CERT OF DEPOSIT,TAccount,Off Balance Sheet,Off Balance Sheet Asset,
PENEMPATAN PADA BANK LAIN (PPBL)  CERTIFICATE OF DEPOSIT - KONTRA,TAccount Category,Yes,86012803,PPBL CERT OF DEPOSIT KONTRA,TAccount,Off Balance Sheet,Contra Asset,
PENEMPATAN PADA BANK LAIN (PPBL)   CONTINGENT ASSET - KONTRA,TAccount Category,Yes,86012804,PPBL CONTINGEN ASSETS KONTRA,TAccount,Off Balance Sheet,Contra Asset,
PENEMPATAN PADA BANK LAIN (PPBL) DEPOSITO BERJANGKA,TAccount Category,Yes,12511301,PPBL DEPOSITO BERJANGKA,TAccount,Balance Sheet,Asset,
PENEMPATAN PADA BANK LAIN (PPBL) FIXED TERM DEPOSIT,TAccount Category,Yes,66012802,PPBL FIXED TERM DEPOSIT,TAccount,Off Balance Sheet,Off Balance Sheet Asset,
PENEMPATAN PADA BANK LAIN (PPBL)  FIXED TERM DEPOSIT - KONTRA,TAccount Category,Yes,86012802,PPBL FIXED TERM DEPOSIT KONTRA,TAccount,Off Balance Sheet,Contra Asset,
PENEMPATAN PADA BANK LAIN (PPBL) SERTIFIKAT DEPOSITO,TAccount Category,Yes,12511401,PPBL SERTIFIKAT DEPOSITO,TAccount,Balance Sheet,Asset,
PENEMPATAN PADA BANK LAIN (PPBL) TAGIHAN LAINNYA KEPADA BANK,TAccount Category,Yes,12511601,PPBL TAGIHAN LAINNYA KEPADA BANK,TAccount,Balance Sheet,Asset,
PENDAPATAN YANG MASIH AKAN DITERIMA (PYMAD) BUNGA EFEK-EFEK DIMILIKI HINGGA JATUH TEMPO PRODUK TREASURY,TAccount Category,Yes,16523401,PYMAD BNG EFEK2 DIMILIKI HG JT PRD TRS,TAccount,Balance Sheet,Asset,
PENDAPATAN YANG MASIH AKAN DITERIMA (PYMAD) BUNGA EFEK-EFEK DIPERDAGANGKAN SURAT BERHARGA PASAR MODAL (SBPM) - OBLIGASI,TAccount Category,Yes,16523101,PYMAD BNG EFEK2 DIPERDAG SBPM OBLIGASI,TAccount,Balance Sheet,Asset,
PENDAPATAN YANG MASIH AKAN DITERIMA (PYMAD) BUNGA PENEMPATAN PADA BANK LAIN (PPBL) INTERBANK CALL MONEY - DISKONTO,TAccount Category,Yes,16511101,PYMAD BNG PPBL INTERBANK CALL MONEY DISK,TAccount,Balance Sheet,Asset,
PENDAPATAN YANG MASIH AKAN DITERIMA (PYMAD) BUNGA KREDIT YANG DIBERIKAN (KYD) KREDIT USAHA KECIL (KUK) KREDIT MODAL KERJA (KMK),TAccount Category,Yes,16551101,PYMAD BUNGA KYD KUK KREDIT MODAL KERJA,TAccount,Balance Sheet,Asset,
PENDAPATAN YANG MASIH AKAN DITERIMA (PYMAD) BUNGA KREDIT YANG DIBERIKAN (KYD) NON KREDIT USAHA KECIL (NON KUK) TRANSAKSI TREASURY,TAccount Category,Yes,16553101,PYMAD BUNGA KYD NON KUK TRN TREASURY,TAccount,Balance Sheet,Asset,
PENDAPATAN YANG MASIH AKAN DITERIMA (PYMAD) BUNGA OBLIGASI PEMERINTAH DIPERDAGANGKAN,TAccount Category,Yes,16561101,PYMAD BUNGA OBL. PEM. DIPERDAGANGKAN,TAccount,Balance Sheet,Asset,
PENDAPATAN YANG MASIH AKAN DITERIMA (PYMAD)  BUNGA PENEMPATAN PADA BANK LAIN (PPBL) DEPOSITO BERJANGKA,TAccount Category,Yes,16511301,PYMAD BUNGA PPBL DEPOSITO BERJANGKA,TAccount,Balance Sheet,Asset,
PENDAPATAN YANG MASIH AKAN DITERIMA (PYMAD) BUNGA TRANSAKSI TREASURY,TAccount Category,Yes,16581108,PYMAD BUNGA TRANSAKSI TREASURY,TAccount,Balance Sheet,Asset,
PENDAPATAN YANG MASIH AKAN DITERIMA (PYMAD) INTEREST RATE SWAP (IRS),TAccount Category,Yes,16540002,PYMAD IRS,TAccount,Balance Sheet,Asset,
PENDAPATAN YANG MASIH AKAN DITERIMA (PYMAD) PREMI OPTION,TAccount Category,Yes,16540001,PYMAD PREMI OPTION,TAccount,Balance Sheet,Asset,
PENDAPATAN YANG MASIH AKAN DITERIMA (PYMAD) TRANSAKSI FOREX DAN DERIVATIF,TAccount Category,Yes,16540003,PYMAD TRANSAKSI FOREX DAN DERIVATIF,TAccount,Balance Sheet,Asset,
PAJAK YANG MASIH HARUS DIBAYAR (PYMHD) - PPH FINAL BUNGA DEPOSITO,TAccount Category,Yes,21011201,PYMHD-PPH FINAL BUNGA DEPOSITO,TAccount,Balance Sheet,Liability,
REKENING ANTAR KANTOR (RAK) INTERBRANCH TRANSACTION (IBT),TAccount Category,Yes,19611104,RAK IBT,TAccount,Balance Sheet,Asset,
REKENING ANTAR KANTOR (RAK) KONVERSI SISTEM LAMA KE BARU,TAccount Category,Yes,19611102,RAK KONVERSI SISTEM LAMA KE BARU,TAccount,Balance Sheet,Asset,
REKENING ANTAR KANTOR (RAK) TRANSAKSI,TAccount Category,Yes,19611101,RAK TRANSAKSI,TAccount,Balance Sheet,Asset,
REKENING POSISI DEVISA UMUM (DU),TAccount Category,Yes,29811101,REKENING POSISI DU,TAccount,Balance Sheet,Liability,
REKENING POSISI UANG KERTAS ASING (UKA),TAccount Category,Yes,19811102,REKENING POSISI UKA,TAccount,Balance Sheet,Asset,
REKENING POSISI UANG KERTAS ASING (UKA),TAccount Category,Yes,29811102,REKENING POSISI UKA,TAccount,Balance Sheet,Liability,
SURAT BERHARGA YANG DITERBITKAN PRODUK TREASURY,TAccount Category,Yes,24012201,SB YANG DITERBITKAN-PRODUK TREASURY,TAccount,Balance Sheet,Liability,
SURAT BERHARGA YANG DITERBITKAN - OBLIGASI SUBORDINASI,TAccount Category,Yes,24015001,SB YG DITERBITKAN - OBLIGASI SUBORDINASI,TAccount,Balance Sheet,Liability,
SDBL CERTIFICATE OF DEPOSIT,TAccount Category,Yes,72511203,SDBL CERT OF DEPOSIT,TAccount,Off Balance Sheet,Off Balance Sheet Liability,
SDBL CERTIFICATE OF DEPOSIT - KONTRA,TAccount Category,Yes,92511203,SDBL CERT OF DEPOSIT KONTRA,TAccount,Off Balance Sheet,Contra Liability,
SDBL CONTINGENT ASSET,TAccount Category,Yes,72511204,SDBL CONTINGEN ASSETS,TAccount,Off Balance Sheet,Off Balance Sheet Liability,
SDBL CONTINGENT ASSET - KONTRA,TAccount Category,Yes,92511204,SDBL CONTINGEN ASSETS KONTRA,TAccount,Off Balance Sheet,Contra Liability,
SDBL FIXED TERM DEPOSIT,TAccount Category,Yes,72511202,SDBL FIXED TERM DEPOSIT,TAccount,Off Balance Sheet,Off Balance Sheet Liability,
SDBL FIXED TERM DEPOSIT - KONTRA,TAccount Category,Yes,92511202,SDBL FIXED TERM DEPOSIT KONTRA,TAccount,Off Balance Sheet,Contra Liability,
SELISIH PENJABARAN LAPORAN KEUANGAN,TAccount Category,Yes,32511101,SELISIH PENJABARAN LAPORAN KEUANGAN,TAccount,Balance Sheet,Equity,
SERTIFIKAT SAHAM,TAccount Category,Yes,72511102,SERTIFIKAT SAHAM,TAccount,Off Balance Sheet,Off Balance Sheet Liability,
SERTIFIKAT SAHAM - KONTRA,TAccount Category,Yes,92511102,SERTIFIKAT SAHAM KONTRA,TAccount,Off Balance Sheet,Contra Liability,
SELISIH NILAI CADANGAN KERUGIAN PENURUNAN NILAI (CKPN) DENGAN PENYISIHAN PENGHAPUSAN AKTIVA PRODUKTIF - PENERAPAN AWAL,TAccount Category,Yes,34511102,SLSH NILAI CKPN DG PPAP-PENERAPAN AWAL,TAccount,Balance Sheet,Equity,
SURAT BERHARGA YANG DITERBITKAN SURAT BERHARGA PASAR UANG (SBPU) - MEDIUM TERM NOTES (MTN),TAccount Category,Yes,24011101,SURAT BERHARGA YG DITERBITKAN SBPU MTN,TAccount,Balance Sheet,Liability,
SURAT BERHARGA YANG DITERBITKAN SURAT BERHARGA PASAR UANG (SBPU) - NEGOTIABLE CERTIFICATES OF DEPOSIT (NCD),TAccount Category,Yes,24011301,SURAT BERHARGA YG DITERBITKAN SBPU NCD,TAccount,Balance Sheet,Liability,
TAGIHAN DERIVATIF TERKAIT DENGAN NILAI TUKAR (TDNT) - DIGITAL OPTION TRADING,TAccount Category,Yes,14512701,TAG DER TDNT DIGITAL OPTION TRADING,TAccount,Balance Sheet,Asset,
TAGIHAN DERIVATIF TERKAIT DENGAN NILAI TUKAR (TDNT) - FORWARD HEDGING,TAccount Category,Yes,14511201,TAG DER TDNT FORWARD HEDGING,TAccount,Balance Sheet,Asset,
TAGIHAN DERIVATIF TERKAIT DENGAN NILAI TUKAR (TDNT) - FUTURE HEDGING,TAccount Category,Yes,14511501,TAG DER TDNT FUTURE HEDGING,TAccount,Balance Sheet,Asset,
TAGIHAN DERIVATIF TERKAIT DENGAN NILAI TUKAR (TDNT) - FUTURE TRADING,TAccount Category,Yes,14512501,TAG DER TDNT FUTURE TRADING,TAccount,Balance Sheet,Asset,
TAGIHAN DERIVATIF TERKAIT DENGAN NILAI TUKAR (TDNT) - OPTION PURCHASED HEDGING,TAccount Category,Yes,14511301,TAG DER TDNT OPTION PURCHASED HEDGING,TAccount,Balance Sheet,Asset,
TAGIHAN DERIVATIF TERKAIT DENGAN NILAI TUKAR (TDNT) - OPTION PURCHASED TRADING,TAccount Category,Yes,14512301,TAG DER TDNT OPTION PURCHASED TRADING,TAccount,Balance Sheet,Asset,
TAGIHAN DERIVATIF TERKAIT DENGAN NILAI TUKAR (TDNT) - OPTION WRITTEN HEDGING,TAccount Category,Yes,14511401,TAG DER TDNT OPTION WRITTEN HEDGING,TAccount,Balance Sheet,Asset,
TAGIHAN DERIVATIF TERKAIT DENGAN NILAI TUKAR (TDNT) - OPTION WRITTEN TRADING,TAccount Category,Yes,14512401,TAG DER TDNT OPTION WRITTEN TRADING,TAccount,Balance Sheet,Asset,
TAGIHAN DERIVATIF TERKAIT DENGAN NILAI TUKAR (TDNT) -  SPOT HEDGING,TAccount Category,Yes,14511101,TAG DER TDNT SPOT HEDGING,TAccount,Balance Sheet,Asset,
TAGIHAN DERIVATIF TERKAIT DENGAN NILAI TUKAR (TDNT) - SWAP HEDGING,TAccount Category,Yes,14511601,TAG DER TDNT SWAP HEDGING,TAccount,Balance Sheet,Asset,
TAGIHAN DERIVATIF TERKAIT DENGAN SUKU BUNGA (TDSB) - DIGITAL OPTION TRADING,TAccount Category,Yes,14522701,TAG DER TDSB DGTL OPT TRDNG,TAccount,Balance Sheet,Asset,
TAGIHAN DERIVATIF TERKAIT DENGAN SUKU BUNGA (TDSB) - INTEREST RATE CAP HEDGING,TAccount Category,Yes,14521101,TAG DER TDSB INTEREST RATE CAP HEDGING,TAccount,Balance Sheet,Asset,
TAGIHAN DERIVATIF TERKAIT DENGAN SUKU BUNGA (TDSB) - INTEREST RATE CAP TRADING,TAccount Category,Yes,14522101,TAG DER TDSB INTEREST RATE CAP TRADING,TAccount,Balance Sheet,Asset,
TAGIHAN DERIVATIF TERKAIT DENGAN SUKU BUNGA (TDSB) - INTEREST RATE SWAP (IRS) HEDGING,TAccount Category,Yes,14521601,TAG DER TDSB INTEREST RATE SWAP HEDGING,TAccount,Balance Sheet,Asset,
TAGIHAN DERIVATIF YANG MASIH HARUS DITERIMA,TAccount Category,Yes,14522801,TAG DER YANG MSH HARUS DITERIMA,TAccount,Balance Sheet,Asset,
TAGIHAN DERIVATIF TERKAIT DENGAN SUKU BUNGA (TDSB) - FORWARD RATE AGREEMENT (FRA) HEDGING,TAccount Category,Yes,14521201,TAGIHAN DERIVATIF TDSB FRA HEDGING,TAccount,Balance Sheet,Asset,
TITIPAN PAJAK - PPh Pasal 23/26,TAccount Category,Yes,21011102,TITIPAN PAJAK-PPh Ps.23/26,TAccount,Balance Sheet,Liability,
WHT ART26 IB BORROW NR,TAccount Category,Yes,XXX WHT ART26 IB BORROW NR,WHT ART26 IB BORROW NR,TAccount,Balance Sheet,Liability,
EFEK2 DIPERDAG.SBPU PROMES/AKSEP DISK,TAccount Category,Yes,13012501,EFEK2 DIPERDAG.SBPU PROMES/AKSEP DISK,TAccount,Balance Sheet,Asset,
LLL LIABILITAS YMH DISELESAIKAN LAINNYA,TAccount Category,Yes,27591199,LLL LIABILITAS YMH DISELESAIKAN LAINNYA,TAccount,Balance Sheet,Liability,
KONT PEMB TDSB OPTION CALL TRADING,TAccount Category,Yes,61522301,KONT PEMB TDSB OPTION CALL TRADING,TAccount,Off Balance Sheet,Off Balance Sheet Asset,
KONT PEMB TDSB OPTION CALL TRA KONTRA,TAccount Category,Yes,81522301,KONT PEMB TDSB OPTION CALL TRA KONTRA,TAccount,Off Balance Sheet,Contra Asset,
KONT PEMB TDSB OPTION PUT TRADING KONTRA,TAccount Category,Yes,81522401,KONT PEMB TDSB OPTION PUT TRADING KONTRA,TAccount,Off Balance Sheet,Contra Asset,
KONT PEMB TDSB OPTION PUT TRADING,TAccount Category,Yes,61522401,KONT PEMB TDSB OPTION PUT TRADING,TAccount,Off Balance Sheet,Off Balance Sheet Asset,
TAG DER TDSB OPTION PURCHASED TRADING,TAccount Category,Yes,14522301,TAG DER TDSB OPTION PURCHASED TRADING,TAccount,Balance Sheet,Asset,
KONT PENJ TDSB OPTION PUT TRADING,TAccount Category,Yes,71522401,KONT PENJ TDSB OPTION PUT TRADING,TAccount,Off Balance Sheet,Off Balance Sheet Liability,
KONT PENJ TDSB OPTION PUT TRA KONT,TAccount Category,Yes,91522401,KONT PENJ TDSB OPTION PUT TRA KONT,TAccount,Off Balance Sheet,Contra Liability,
KONT PENJ TDSB OPTION CALL TRA KONT,TAccount Category,Yes,91522301,KONT PENJ TDSB OPTION CALL TRA KONT,TAccount,Off Balance Sheet,Contra Liability,
KONT PENJ TDSB OPTION CALL TRADING,TAccount Category,Yes,71522301,KONT PENJ TDSB OPTION CALL TRADING,TAccount,Off Balance Sheet,Off Balance Sheet Liability,
LIAB DER TDSB OPTION WRITTEN TRADING,TAccount Category,Yes,23022401,LIAB DER TDSB OPTION WRITTEN TRADING,TAccount,Balance Sheet,Liability,
KONTRAK PEMBELIAN TERKAIT DENGAN SUKU BUNGA (TDSB) FORWARD TRADING,TAccount Category,Yes,61522901,KONTRAK PEMBELIAN TERKAIT DENGAN SUKU BUNGA (TDSB) FORWARD TRADING,TAccount,Off Balance Sheet,Off Balance Sheet Asset,
KONTRAK PEMBELIAN TERKAIT DENGAN SUKU BUNGA (TDSB) FORWARD TRADING KONTRA,TAccount Category,Yes,81522901,KONTRAK PEMBELIAN TERKAIT DENGAN SUKU BUNGA (TDSB) FORWARD TRADING KONTRA,TAccount,Off Balance Sheet,Contra Asset,
KONTRAK PENJUALAN TERKAIT DENGAN SUKU BUNGA (TDSB) FORWARD TRADING KONTRA,TAccount Category,Yes,91522901,KONTRAK PENJUALAN TERKAIT DENGAN SUKU BUNGA (TDSB) FORWARD TRADING KONTRA,TAccount,Off Balance Sheet,Contra Liability,
KONTRAK PENJUALAN TERKAIT DENGAN SUKU BUNGA (TDSB) FORWARD TRADING,TAccount Category,Yes,71522901,KONTRAK PENJUALAN TERKAIT DENGAN SUKU BUNGA (TDSB) FORWARD TRADING,TAccount,Off Balance Sheet,Off Balance Sheet Liability,
TAGIHAN DERIVATIF TERKAIT DENGAN SUKU BUNGA (TDSB) FORWARD TRADING,TAccount Category,Yes,14522901,TAGIHAN DERIVATIF TERKAIT DENGAN SUKU BUNGA (TDSB) FORWARD TRADING,TAccount,Balance Sheet,Asset,
EFEK2 REPO TERSEDIA UNTUK DIJUAL - AFS,TAccount Category,Yes,13131101,EFEK2 REPO TERSEDIA UNTUK DIJUAL - AFS,TAccount,Balance Sheet,Asset,
EFEK2 TSD U/DJL SBPU PROMES/AKSEP DISK,TAccount Category,Yes,13032501,EFEK2 TSD U/DJL SBPU PROMES/AKSEP DISK,TAccount,Balance Sheet,Asset,
EFEK2 TSD U/DJL SBPU PROMES/AKSEP N DISK,TAccount Category,Yes,13032502,EFEK2 TSD U/DJL SBPU PROMES/AKSEP N DISK,TAccount,Balance Sheet,Asset,
EFEK2 DIPERDAG.SBPU PROMES/AKSEP NONDISK,TAccount Category,Yes,13012502,EFEK2 DIPERDAG.SBPU PROMES/AKSEP NONDISK,TAccount,Balance Sheet,Asset,
EFEK2 REPO DIPERDAGANGKAN-FVTPL,TAccount Category,Yes,13111101,EFEK2 REPO DIPERDAGANGKAN-FVTPL,TAccount,Balance Sheet,Asset,
EFEK2 REPO DHGJT-HTM,TAccount Category,Yes,13121101,EFEK2 REPO DHGJT-HTM,TAccount,Balance Sheet,Asset,
EFEK2 DHGJT SBPU PROMES/AKSEP DISK,TAccount Category,Yes,13022501,EFEK2 DHGJT SBPU PROMES/AKSEP DISK,TAccount,Balance Sheet,Asset,
EFEK2 DHGJT SBPU PROMES/AKSEP NONDISK,TAccount Category,Yes,13022502,EFEK2 DHGJT SBPU PROMES/AKSEP NONDISK,TAccount,Balance Sheet,Asset,
ALL ASET YANG DIAGUNKAN,TAccount Category,Yes,19511966,ALL ASET YANG DIAGUNKAN,TAccount,Balance Sheet,Asset,
PENDAPATAN BUNGA ASET YANG DIAGUNKAN,TAccount Category,Yes,41099012,PENDAPATAN BUNGA ASET YANG DIAGUNKAN,TAccount,Revenue Sheet,Revenue,
PYMAD BUNGA TAG LAIN ASET YANG DIAGUNKAN,TAccount Category,Yes,16581113,PYMAD BUNGA TAG LAIN ASET YANG DIAGUNKAN,TAccount,Balance Sheet,Asset,
LIABILITAS LAIN-LAIN (LLL)Â PENDAPATAN DITERIMA DIMUKA,TAccount Category,Yes,27551101,LIABILITAS LAIN-LAIN (LLL)Â PENDAPATAN DITERIMA DIMUKA,TAccount,Balance Sheet,Liability,
PAJAK YANG MASIH HARUS DIBAYAR (PYMHD)-PPH FINAL BUNGA SIMPANAN,TAccount Category,Yes,21011206,PAJAK YANG MASIH HARUS DIBAYAR (PYMHD)-PPH FINAL BUNGA SIMPANAN,TAccount,Balance Sheet,Liability,
KEWAJIBAN DERIVATIF TERKAIT DENGAN SUKU BUNGA (TDSB) FORWARD TRADING,TAccount Category,Yes,23022901,KEWAJIBAN DERIVATIF TERKAIT DENGAN SUKU BUNGA (TDSB) FORWARD TRADING,TAccount,Balance Sheet,Liability,
Titipan Pajak Bilateral Loan,,Yes,21011102_TaxBilateralLoan,21011102_TaxBilateralLoan,TAccount,,Liability,
Titipan Pajak Derivative,,Yes,21011110_TaxDerivative,21011110_TaxDerivative,TAccount,,Liability,
Titipan Pajak Fixed Income Domestic,,Yes,21011110_TaxFIDomestic,21011110_TaxFIDomestic,TAccount,,Liability,
Titipan Pajak Fixed Income Foreign,,Yes,21011102_TaxFIForeign,21011102_TaxFIForeign,TAccount,,Liability,
LIABILITAS EFEK-EFEK REPO - LENDING FACILITY,,Yes,22511106,LIABILITAS EFEK-EFEK REPO - LENDING FACILITY,TAccount,,Liability,
BEBAN BUNGA LIABILITAS EFEK-EFEK REPO - LENDING FACILITY,,Yes,51031301,BEBAN BUNGA LIABILITAS EFEK-EFEK REPO - LENDING FACILITY,TAccount,,Expense,
POL KEUNTUNGAN TRANSAKSI DERIVATIF NILAI WAJAR KURS,,Yes,POL KEUNTUNGAN TRANSAKSI DERIVATIF NILAI WAJAR KURS,POL KEUNTUNGAN TRANSAKSI DERIVATIF NILAI WAJAR KURS,TAccount,,Revenue,
InterOffice GL,,Yes,InterOffice GL,InterOffice GL,TAccount,,,
NOSTRO,TAccount Category,Yes,11020100,NOSTRO,TAccount,Balance Sheet,Asset,
NOSTRO 123,TAccount Category,Yes,11020100 123,NOSTRO 123,TAccount,Balance Sheet,Asset,
EFEK-EFEK DIPERDAGANGKAN SEKURITAS RUPIAH BANK INDONESIA,TAccount Category,Yes,13015101,EFEK-EFEK DIPERDAGANGKAN SEKURITAS RUPIAH BANK INDONESIA,TAccount,Balance Sheet,Asset,
EFEK-EFEK DIPERDAGANGKAN SEKURITAS VALAS BANK INDONESIA,TAccount Category,Yes,13016101,EFEK-EFEK DIPERDAGANGKAN SEKURITAS VALAS BANK INDONESIA,TAccount,Balance Sheet,Asset,
POL EFEK2 DIPERDAGANGKAN SEKURITAS RUPIAH BANK INDONESIA,TAccount Category,Yes,45015101,POL EFEK2 DIPERDAGANGKAN SEKURITAS RUPIAH BANK INDONESIA,TAccount,Revenue Sheet,Revenue,
POL EFEK2 DIPERDAGANGKAN SEKURITAS VALAS BANK INDONESIA,TAccount Category,Yes,45016101,POL EFEK2 DIPERDAGANGKAN SEKURITAS VALAS BANK INDONESIA,TAccount,Revenue Sheet,Revenue,
ALL AKUN SUSPEND FORCE BALANCE,TAccount Category,Yes,19511501,ALL AKUN SUSPEND FORCE BALANCE,Suspense,Balance Sheet,Asset,
NOS_12011101_SGD,TAccount Category,Yes,12011101_SGD,NOS_12011101_SGD,TAccount,Balance Sheet,Asset,
NOS_12011101_USD,TAccount Category,Yes,12011101_USD,NOS_12011101_USD,TAccount,Balance Sheet,Asset,
NOS_12011101_EUR,TAccount Category,Yes,12011101_EUR,NOS_12011101_EUR,TAccount,Balance Sheet,Asset,
